NAME,EXPLANE,GENRE,PLAYTIME,DLEVEL,MINPEOPLE,MAXPEOPLE,PUBYEAR,AGE,YOUTUBE_LINK,NAMU_LINK,SHOP_LINK,GIMAGE
보난자,콩카드를 심고 모아서 금화를 획득합니다. 독특한건 손 안의 카드를 사용할 때 순서가 고정되어 있어서 마음대로 되지 않습니다. 그래서 다른 사람과 카드 교환을 통해서 효율적인 플레이를 강구해야합니다.,협상,45,2,3,5,1997,13,https://www.youtube.com/watch?v=sQVG5UWCSLg&ab_channel=%EC%95%8C%EC%93%B8%EC%8B%A0%EC%84%A0%EB%B3%B4%EB%93%9C%EA%B2%8C%EC%9E%84TV,https://namu.wiki/w/%EB%B3%B4%EB%82%9C%EC%9E%90,https://www.coupang.com/vp/products/1744522?itemId=7612149&vendorItemId=3000159650&pickType=COU_PICK&q=%EB%B3%B4%EB%82%9C%EC%9E%90&itemsCount=36&searchId=c1b7bf8f2f584576b7ea83958c61bbc3&rank=0&isAddedCart=,보난자.png
아임 더 보스,이 구역의 보스는 나야,협상,45,2,3,6,2013,12,https://www.youtube.com/watch?v=ERBzRvZS4kU&ab_channel=%EC%95%8C%EC%93%B8%EC%8B%A0%EC%84%A0%EB%B3%B4%EB%93%9C%EA%B2%8C%EC%9E%84TV,https://namu.wiki/w/%EC%95%84%EC%9E%84%20%EB%8D%94%20%EB%B3%B4%EC%8A%A4,,아임더보스.png
차이나타운,1960년대 뉴욕 새로운 이민법이 채택되면서 수많은 중국 이민자들이 차이나 타운으로 흘러들어옵니다. 남녀를 가리지 않고 성실히 일하는 이민자들은 이곳의 건물을 사고 점포를 확장하며 아메리칸 드림을 이루어 나가고 있습니다. 이제 우리는 이민자의 일원이 되어 번뜩이는 거래로 부를 축적해 가장 성공한 사업가가 되어보세요.,협상,60,3,3,5,2018,14,https://www.youtube.com/watch?v=7wUifg2cbxk&ab_channel=hyunong,https://namu.wiki/w/%EC%B0%A8%EC%9D%B4%EB%82%98%ED%83%80%EC%9A%B4(%EB%B3%B4%EB%93%9C%EA%B2%8C%EC%9E%84),https://www.coupang.com/vp/products/7044510815?itemId=17430545811&vendorItemId=85147720244&q=%EC%B0%A8%EC%9D%B4%EB%82%98%ED%83%80%EC%9A%B4&itemsCount=36&searchId=1ff5c1752718454bbe781aae92fa0fa0&rank=0&isAddedCart=,차이나타운.png
좀비사이드,여명 저너머에서 죽은 자들이 걸어나오기 시작했습니다!,협동,60,3,1,6,2012,14,https://www.youtube.com/watch?v=VstiObWHAG0&pp=ygUj7KKA67mE7IKs7J2065OcIOuztOuTnOqyjOyehCDshKTrqoU%3D&ab_channel=%EB%B3%B4%EB%93%9C%EB%9D%BC%EC%9D%B4%EB%B8%8CBoardLiveGame,https://namu.wiki/w/%EC%A2%80%EB%B9%84%EC%82%AC%EC%9D%B4%EB%93%9C,https://www.coupang.com/vp/products/7372083959?itemId=19019557903&vendorItemId=86144042985&q=%EC%A2%80%EB%B9%84%EC%82%AC%EC%9D%B4%EB%93%9C+2%ED%8C%90&itemsCount=36&searchId=069aab0c6a09402fb49564d0e6736b6d&rank=7,좀비사이드.png
크툴루 죽음마저 죽으리니,이교도들이 바보같은 의식을 또 다시 벌이고 있다.고대 신을 소환하여 이 세상을 파괴하려 한다. 여느 때처럼.하지만 우리는 다른 계획을 세웠다.놈들의 보잘 것 없는 의식을 방해할 것이다.쉽지는 않겠지. 어쩌면 미쳐버릴지도... 하지만 문제없다.우리,협동,90,3,1,4,2019,14,https://www.youtube.com/watch?v=PNJwPtg-os8&ab_channel=hyunong,https://namu.wiki/w/%ED%81%AC%ED%88%B4%EB%A3%A8%20%EC%A3%BD%EC%9D%8C%EB%A7%88%EC%A0%80%20%EC%A3%BD%EC%9C%BC%EB%A6%AC%EB%8B%88,https://www.coupang.com/vp/products/7197409331?itemId=18185038776&vendorItemId=85333954296&q=%ED%81%AC%ED%88%B4%EB%A3%A8+%EC%A3%BD%EC%9D%8C%EB%A7%88%EC%A0%80+%EC%A3%BD%EC%9C%BC%EB%A6%AC%EB%8B%88&itemsCount=36&searchId=1ab1e76120f7480986edb599226b4e4f&rank=0&isAddedCart=,크툴루 죽음마저 죽으리니.png
정령섬,세상의 가장 먼 곳에도 땅과 하늘과 모든 자연의 영혼으로 구현된 마법이 여전히 존재합니다. 유럽의 강대국이 식민 제국을 점점 더 확장함에 따라 그들은 필연적으로 영혼이 여전히 권력을 쥐고 있는 곳을 주장할 것입니다. 그렇게 할 때 땅 자체는 그곳에 사는 섬 주민들과 함께 반격할 것입니다.,협동,90,4,1,4,2017,14,https://www.youtube.com/watch?v=OKYJ6VcFVxo&ab_channel=hyunong,https://namu.wiki/w/%EC%A0%95%EB%A0%B9%EC%84%AC,https://www.coupang.com/vp/products/7397144618?itemId=19137842673&vendorItemId=86257248430&q=%EC%A0%95%EB%A0%B9%EC%84%AC+%EB%B3%B4%EB%93%9C%EA%B2%8C%EC%9E%84&itemsCount=36&searchId=1c6912d37edd4bc5859051167cd9e81d&rank=2,정령섬.png
하나비,이 집단 게임에서는 모든 플레이어가 협력하여 아름다운 불꽃놀이를 만듭니다. 그러나 모든 플레이어는 자신의 카드를 앞뒤로 잡아야 합니다. 자신의 카드를 볼 수 없습니다! 따라서 파트너에게 현명한 조언을 제공하고 수집된 모든 정보를 기억해야 합니다.,협동,25,2,2,5,2010,8,https://www.youtube.com/watch?v=IWe07PDo2yE&pp=ygUd7ZWY64KY67mEIOuztOuTnOqyjOyehCDshKTrqoU%3D&ab_channel=%EB%B3%B4%EB%93%9C%EB%9D%BC%EC%9D%B4%EB%B8%8CBoardLiveGame,https://namu.wiki/w/%ED%95%98%EB%82%98%EB%B9%84(%EB%B3%B4%EB%93%9C%20%EA%B2%8C%EC%9E%84),https://www.coupang.com/vp/products/6209444904?itemId=12369097838&vendorItemId=79735273982&q=%ED%95%98%EB%82%98%EB%B9%84&itemsCount=36&searchId=1c332cb37a8645fcb0e4c60eb3eaa15d&rank=1&isAddedCart=,하나비.png
팀3 핑크,"""내가 너의 눈이 되어주리라""",협동,30,2,3,6,2019,14,https://www.youtube.com/watch?v=KQun3hGWxPU&t=131s&ab_channel=hyunong,,https://www.coupang.com/vp/products/7197408976?itemId=18185037801&vendorItemId=85333953949&q=%ED%8C%803+%ED%95%91%ED%81%AC&itemsCount=36&searchId=f0782ad8f24c4036850be3746207ef4d&rank=1,팀3 핑크.png
더 마인드,"""너의 마음을 보여줘...!""눈을 감고 손에는 카드를 들고....모두 한마음이 될 준비가 되었나요?",협동,15,2,2,4,2018,8,https://www.youtube.com/watch?v=Eyyuv_3z9qw&ab_channel=%EC%95%8C%EC%93%B8%EC%8B%A0%EC%84%A0%EB%B3%B4%EB%93%9C%EA%B2%8C%EC%9E%84TV,,https://www.coupang.com/vp/products/7345641201?itemId=18890449245&vendorItemId=86018560346&q=%EB%8D%94+%EB%A7%88%EC%9D%B8%EB%93%9C&itemsCount=36&searchId=cdd87d7cb7fd41b9b2434f3521ea3665&rank=1,더 마인드.png
팬데믹,우리는 바이러스로부터 세계를 구할 수 있을 것인가?! 바이러스로 지구전역이 전염되버렸다!! 서로의 협동을 바탕으로 백신을 개발하자!! 각자의 능력들을 통하여 빠른시간 내에 각 나라에 퍼진 바이러스를 치료하자!,전략,60,3,2,4,2018,8,https://www.youtube.com/watch?v=YoMZIl9p1OI,https://namu.wiki/w/%ED%8C%AC%EB%8D%B0%EB%AF%B9(%EA%B2%8C%EC%9E%84),https://www.coupang.com/vp/products/2129291?itemId=9650289&vendorItemId=3013990782&pickType=COU_PICK&q=%ED%8C%AC%EB%8D%B0%EB%AF%B9&itemsCount=36&searchId=2d633f6c9c84446d9f311f96ac2f88b2&rank=1,팬데믹.png
글룸헤이븐: 사자의 턱,암울한 판타지 세계관에서 던전과 잊혀진 폐허를 탐험하는 모험가들의 이야기,협동,60,4,1,4,2017,12,https://www.youtube.com/watch?v=Wck7YRZ77Xk&pp=ygUj6riA66O47Zek7J2067iQIOuztOuTnOqyjOyehCDshKTrqoU%3D&ab_channel=%EB%B3%B4%EB%93%9C%EB%9D%BC%EC%9D%B4%EB%B8%8CBoardLiveGame,https://namu.wiki/w/%EA%B8%80%EB%A3%B8%ED%97%A4%EC%9D%B4%EB%B8%90:%20%EC%82%AC%EC%9E%90%EC%9D%98%20%ED%84%B1,https://www.coupang.com/vp/products/6918165459?itemId=16696720712&vendorItemId=86250441937&q=%EA%B8%80%EB%A3%B8%ED%97%A4%EC%9D%B4%EB%B8%90+%EC%82%AC%EC%9E%90%ED%84%B1&itemsCount=22&searchId=3c9fe38a26b7443d96ca6ad52f2fb757&rank=1,글룸헤이븐 사자의 턱.png
도라스레,당신은 사악한 드래곤에 위협받는 도시를 구하기 위해 각지에서 모인 모험가 중 하나입니다.다른 모험가와 협력하여 경험치와 아이템을 모아 강대한 드래곤에 도전합니다.,협동,30,2,2,5,2014,10,https://www.youtube.com/watch?v=XtikSBxUS5U&pp=ygUh64-E65287Iqk66CIICDrs7Trk5zqsozsnoQg7ISk66qF&ab_channel=%EB%AA%A8%EB%91%90%EC%9D%98%EB%B3%B4%EB%93%9C%EA%B2%8C%EC%9E%84,https://namu.wiki/w/%EB%8F%84%EB%9D%BC%EC%8A%A4%EB%A0%88,https://www.coupang.com/vp/products/7225167343?itemId=18319578684&vendorItemId=86032521324&q=DORASURE&itemsCount=12&searchId=1549d386b3c0439e8ebb2774c0c4acd3&rank=1,도라스레.png
데드 오브 윈터,"""Crossroads"" 는 Plaid Hat Games의 게임 시리즈로 생존자 그룹이 외부와 내부의 위기와 도전에 직면하면서 함께 일하고 살아남는 능력을 테스트합니다.",협동,120,3,2,5,2014,14,https://www.youtube.com/watch?v=1bCHkHLwJdA&pp=ygUo642w65OcIOyYpOu4jCDsnIjthLAg67O065Oc6rKM7J6EIOyEpOuqhQ%3D%3D&ab_channel=DEVALL%EB%B3%B4%EB%93%9C%EA%B2%8C%EC%9E%84,https://namu.wiki/w/%EB%8D%B0%EB%93%9C%20%EC%98%A4%EB%B8%8C%20%EC%9C%88%ED%84%B0,https://www.coupang.com/vp/products/22008072?itemId=85740445&vendorItemId=3145810767&q=%EB%8D%B0%EB%93%9C+%EC%98%A4%EB%B8%8C+%EC%9C%88%ED%84%B0&itemsCount=36&searchId=be735e1c4b214b269c2bd5160061a7c1&rank=0,데드 오브 윈터.png
루미큐브,안해본 사람 있나요? 제발 없게 해주세요! 중독성 강한 숫자게임! 계산력과 집중력을 강화시키고 이리 쪼개고 저리 붙이고 훌라와 비슷한 게임!,IQ,30,2,2,4,1977,8,https://www.youtube.com/watch?v=MnC688HVID8&ab_channel=%EC%95%8C%EC%93%B8%EC%8B%A0%EC%84%A0%EB%B3%B4%EB%93%9C%EA%B2%8C%EC%9E%84TV,https://namu.wiki/w/%EB%A3%A8%EB%AF%B8%ED%81%90%EB%B8%8C,https://www.coupang.com/vp/products/1862534223?itemId=3166046126&vendorItemId=3001754339&q=%EB%A3%A8%EB%AF%B8%ED%81%90%EB%B8%8C&itemsCount=36&searchId=6f881c8dc6124804b94fc3d36135b06e&rank=0,루미큐브
세트,누구보다 빨리 3장의 카드 세트를 찾아라! 모양 색깔 음영 갯수 이 네가지가 같거나 다르거나! 집중하느라 주변 소리도 들리지 않는 유명한 멘사 추천IQ게임!!,IQ,30,2,2,7,1998,6,https://www.youtube.com/watch?v=hja-BQDF45M,,https://www.coupang.com/vp/products/1298850?itemId=5636384&vendorItemId=3000165013&q=%EC%84%B8%ED%8A%B8&itemsCount=36&searchId=b1674bbc94704bf088a966222860dffc&rank=1,세트
젬블로,육각형 타일을 이용한 아이큐게임!! 자기 색의 타일을 최대한 많이 올려놓아 남는 타일의 개수를 줄이는 사람이 승리!,IQ,20,2,2,6,2003,6,https://www.youtube.com/watch?v=0bulqQKKN1c,https://namu.wiki/w/%EC%A0%AC%EB%B8%94%EB%A1%9C,https://www.coupang.com/vp/products/1203209?itemId=5208790&vendorItemId=3006497156&q=%EC%A0%AC%EB%B8%94%EB%A1%9C&itemsCount=36&searchId=1a18e971c673438394f9bba3e0cf4ca6&rank=0&isAddedCart=,젬블로
러시아워 딜럭스,정신 없는 교통정리 퍼즐! 길을 막고 있는 차들을 움직여 빨간색 차가 출구로 빠져 나갈 수 있게 하자!,IQ,20,1,1,1,1997,8,https://www.youtube.com/watch?v=NSc7kGcL5Vo,https://namu.wiki/w/%EB%9F%AC%EC%8B%9C%EC%95%84%EC%9B%8C%20%EC%8B%9C%EB%A6%AC%EC%A6%88,https://www.coupang.com/vp/products/123440?itemId=228443&vendorItemId=3000160029&q=%EB%9F%AC%EC%8B%9C%EC%95%84%EC%9B%8C&itemsCount=36&searchId=685d54bfe7f04eb2be446158200a831d&rank=0,러시아워 딜럭스.png
마법의 미로,마법의 미로속에서 보물을 찾아내자!! 미로안은 온갖마법들로 장애물들이 설치되어있다!! 장애물의 위치를 기억하여 미로속에서 보물을 찾자!!,IQ,20,2,2,4,2009,6,https://www.youtube.com/watch?v=JYbcRPLUtj0,,https://www.coupang.com/vp/products/7828108?itemId=34246460&vendorItemId=3050706229&q=%EB%A7%88%EB%B2%95%EC%9D%98%EB%AF%B8%EB%A1%9C&itemsCount=36&searchId=b052d20c65e24a14872543cfff03d1e0&rank=1,마법의 미로.png
스크래블,지니어스 들을 위한 영어게임! 꼬리에 꼬리를 무는 영어 단어 게임! 보드에 놓여진 타일과 손에 숨겨진 타일로 단어를 만들자!,IQ,20,2,2,4,1948,10,https://www.youtube.com/watch?v=RYeXv1vmLGM,https://namu.wiki/w/%EC%8A%A4%ED%81%AC%EB%9E%98%EB%B8%94,https://www.coupang.com/vp/products/6612398264?itemId=14999835448&vendorItemId=82222713977&q=%EC%8A%A4%ED%81%AC%EB%9E%98%EB%B8%94&itemsCount=36&searchId=166c4d43f0614500bd61f8e9253b268f&rank=1,스크래블.png
언락,모바일 앱과 연동하여 탈출하는 신개념 방탈출 보드게임 누가더 빨리 탈출할 수 있을까!,IQ,60,3,2,6,2017,10,https://www.youtube.com/watch?v=dhZIscjg6xs&pp=ygUa7Ja46529IOuztOuTnOqyjOyehCDshKTrqoU%3D&ab_channel=%EB%B3%B4%EB%93%9C%EA%B2%8C%EC%9E%84BOX,,https://www.coupang.com/vp/products/102259808?itemId=311373246&vendorItemId=3766705217&q=%EC%96%B8%EB%9D%BD&itemsCount=36&searchId=2c2a8d399508404db948bf49b9a275a8&rank=1,언락.png
쿼클,같은 모양의 다른 색깔 다른 모양의 같은 색깔! 여섯 색깔의 타일이 만드는 두뇌 게임,IQ,20,2,2,4,2006,6,https://www.youtube.com/watch?v=ySOf4SogWmA&ab_channel=%EC%95%8C%EC%93%B8%EC%8B%A0%EC%84%A0%EB%B3%B4%EB%93%9C%EA%B2%8C%EC%9E%84TV,https://namu.wiki/w/%EC%BF%BC%ED%81%B4,https://www.coupang.com/vp/products/1298842?itemId=5636369&vendorItemId=3007143230&q=%EC%BF%BC%ED%81%B4&itemsCount=36&searchId=09e92ee228aa4d278206784ca46c6b06&rank=1&isAddedCart=,쿼클.png
인지니어스,같은 기호를 모으자!! 같은 기호끼리 최대한 많은 직선을 확보하자!!. 하지만 편식은 금물... 여러 기호들을 골고루 모아야 한다,IQ,20,2,2,4,2004,8,https://www.youtube.com/watch?v=eBkZgN0e8rg&ab_channel=%EC%95%8C%EC%93%B8%EC%8B%A0%EC%84%A0%EB%B3%B4%EB%93%9C%EA%B2%8C%EC%9E%84TV,,https://www.coupang.com/vp/products/324722274?itemId=1039545056&vendorItemId=5496434942&q=%EC%9D%B8%EC%A7%80%EB%8B%88%EC%96%B4%EC%8A%A4&itemsCount=36&searchId=9def10caf9854a21854db001fd136e0c&rank=1,인지니어스.png
치킨차차,닭들의 꼬리물기 게임! 누가 더 기억력이 좋을까? 서로의 꼬리를 누가 먼저 빼았을지 암기력으로 승부하자!,IQ,20,2,2,4,1997,4,https://www.youtube.com/watch?v=VxLjbTnUiLc,,https://www.coupang.com/vp/products/282681258?itemId=897375151&vendorItemId=5252709056&pickType=COU_PICK&q=%EC%B9%98%ED%82%A8%EC%B0%A8%EC%B0%A8&itemsCount=36&searchId=30ba821a890147a2b760acbda1dfee62&rank=0&isAddedCart=,치킨차차.png
라온,즐거운 한글 낱말 게임! 자음과 모음 타일을 이용하여 단어를 직접 나열하고 구성하는게임! 모래시계의 모래가 다 떨어지면 게임이 끝나고 단어의 점수를 계산하여 점수가 높은 플레이어가 승리하는게임,IQ,15,2,2,4,2010,8,https://www.youtube.com/watch?v=ceMdnSr7ix4&ab_channel=%EC%BD%94%EB%A6%AC%EC%95%84%EB%B3%B4%EB%93%9C%EA%B2%8C%EC%9E%84%EC%A6%88,https://namu.wiki/w/%EB%9D%BC%EC%98%A8(%EB%B3%B4%EB%93%9C%EA%B2%8C%EC%9E%84),https://www.coupang.com/vp/products/4869232?itemId=22184921&vendorItemId=3032432076&pickType=COU_PICK&q=%EB%9D%BC%EC%98%A8&itemsCount=36&searchId=5b21b091df6047e297b856e3131045be&rank=0&isAddedCart=,라온.png
로보 77,서로 본인이 내는 숫자를 계산하면서 카드를 내자! 77을 넘기면 생명칩을 하나 잃게 된다. 11 22 33.... 11의 배수도 조심하자!,IQ,15,2,2,4,1993,8,https://www.youtube.com/watch?v=bys6ZwvODMQ,https://namu.wiki/w/%EB%A1%9C%EB%B3%B4%2077?from=%EB%A1%9C%EB%B3%B477,https://www.coupang.com/vp/products/1298814?itemId=5636322&vendorItemId=3000159651&pickType=COU_PICK&q=%EB%A1%9C%EB%B3%B477&itemsCount=36&searchId=0fa116a8edcd4a96a10323345d000837&rank=1&isAddedCart=,로보77.png
스피디피커스,스피디 피커스 주식회사에 오신걸 환영합니다! 창고에서 자고 있는 숨겨진 보물들을 찾아 경매사이트에 올리세요! 원하는 고객에게 정확히 물건을 찾아 팔면 많은 돈을 벌 수 있습니다!,IQ,30,3,2,6,2017,10,https://www.youtube.com/watch?v=l1zz-sU01Ak&ab_channel=%EC%BD%94%EB%A6%AC%EC%95%84%EB%B3%B4%EB%93%9C%EA%B2%8C%EC%9E%84%EC%A6%88,,https://www.coupang.com/vp/products/181930223?itemId=521199536&vendorItemId=4347266929&q=%EC%8A%A4%ED%94%BC%EB%94%94+%ED%94%BC%EC%BB%A4%EC%8A%A4+%EB%B3%B4%EB%93%9C%EA%B2%8C%EC%9E%84&itemsCount=22&searchId=4778acfc89e743a0bf0b225d7e113990&rank=19,스피디피커스.png
포션폭발,전설의 재료들을 사용해 콤보를 만들어 다양한 물약을 만들어서 물약의 효과로 더 큰 시너지를 만드는게임!,IQ,45,2,2,4,2015,8,https://www.youtube.com/watch?v=oYyfeQQDL6A&ab_channel=hyunong,,https://www.coupang.com/vp/products/7230775664?itemId=18347013968&vendorItemId=85799352946&q=%ED%8F%AC%EC%85%98%ED%8F%AD%EB%B0%9C&itemsCount=36&searchId=125ac5a6f4494ae88803a8ce9f000d80&rank=1,포션폭발.png
파라오코드,진정한 산수게임! 주사위 세 개를 굴려 나온 숫자를 사칙연산 하여 빠른 시간 내에 높은 점수의 답을 찾아내는 게임! 진정한 수학의 강자는?,IQ,30,2,2,5,2011,9,https://www.youtube.com/watch?v=rGqhxpXaEQA&ab_channel=%EC%95%8C%EC%93%B8%EC%8B%A0%EC%84%A0%EB%B3%B4%EB%93%9C%EA%B2%8C%EC%9E%84TV,,https://www.coupang.com/vp/products/1298849?itemId=5636383&vendorItemId=3007143238&pickType=COU_PICK&q=%ED%8C%8C%EB%9D%BC%EC%98%A4%EC%BD%94%EB%93%9C&itemsCount=36&searchId=fba8cb6f3b0142c79423c5b022994bcc&rank=1&isAddedCart=,파라오코드.png
몬스터팩토리,타일을 뽑아서 몬스터를 완성하자! 부하괴물도 있고 대장 괴물도 있다! 가볍게 즐길 수 있는 타일 놓기 게임!,IQ,30,2,2,6,2012,5,https://www.youtube.com/watch?v=IaYm4Q7xXpY&pp=ygUm66qs7Iqk7YSw7Yyp7Yag66asIOuztOuTnOqyjOyehCDshKTrqoU%3D&ab_channel=%EB%AA%A8%EB%82%98%EA%B9%8C,,https://search.danawa.com/dsearch.php?query=Monster+Factory+%EB%B3%B4%EB%93%9C+%EA%B2%8C%EC%9E%84,몬스터팩토리.png
리코세로봇,머리가 깨질듯한 두뇌싸움! 총알처럼 튀는 로봇의 최단 경로를 찾아보자 날고 기는 브레인들은 다 모여라!,IQ,50,3,2,4,1999,10,https://www.youtube.com/watch?v=_rVldRqVyAo&pp=ygUj66as7L2U7IS466Gc67SHIOuztOuTnOqyjOyehCDshKTrqoU%3D&ab_channel=%EB%B3%B4%EB%93%9C%EB%9D%BC%EC%9D%B4%EB%B8%8CBoardLiveGame,,https://www.coupang.com/vp/products/221960862?itemId=694953247&vendorItemId=72105397291&q=%EB%A6%AC%EC%BD%94%EC%84%B8%EB%A1%9C%EB%B4%87&itemsCount=18&searchId=1c91d9b2b24249ef8c291c7ac358e49c&rank=1,리코세로봇.png
에니그마,세계대전 당시 독일 연합군은 각 분야의 수재들을 모아 암호 해독팀을 꾸리는데...  천재 수학자가 되어 함께 암호를 해독해 보자!,IQ,40,4,2,4,2012,8,https://www.youtube.com/watch?v=j--S6NCcVPM&ab_channel=%EC%BD%94%EB%A6%AC%EC%95%84%EB%B3%B4%EB%93%9C%EA%B2%8C%EC%9E%84%EC%A6%88,,https://www.coupang.com/np/search?component=&q=%EC%95%A0%EB%8B%88%EA%B7%B8%EB%A7%88&channel=user,에니그마.png
라스베가스(라스베이거스),환상의 라스베가스에서 본인의 운을 시험해보자! 전략과 운 둘 다 필요한 배팅게임! 가장 높은 금액을 얻을 승자는?,전략,30,2,3,5,2012,8,https://www.youtube.com/watch?v=v_4BSTod5ls,https://namu.wiki/w/%EB%9D%BC%EC%8A%A4%EB%B2%A0%EC%9D%B4%EA%B1%B0%EC%8A%A4(%EB%B3%B4%EB%93%9C%20%EA%B2%8C%EC%9E%84),https://www.coupang.com/np/search?component=&q=%EB%9D%BC%EC%8A%A4%EB%B2%A0%EA%B0%80%EC%8A%A4&channel=user,라스베가스.png
스플랜더,보드게임카페에서 한번쯤은 해보는 Hot한 게임! 보석으로 개발카드를 사고 귀족의 도움을 받아 더 많은 부를 축적해 이기는 게임 전략게임 처음 한다면 추천!!,전략,30,2,2,4,2014,10,https://www.youtube.com/watch?v=uHGyzjH9CkQ,https://namu.wiki/w/%EC%8A%A4%ED%94%8C%EB%A0%8C%EB%8D%94,https://www.coupang.com/vp/products/7309462?itemId=32262774&vendorItemId=3007143232&pickType=COU_PICK&q=%EC%8A%A4%ED%94%8C%EB%9E%9C%EB%8D%94&itemsCount=36&searchId=751bd5949c5d48b7b6f193bf51e9fa62&rank=0,스플렌더.png
뱅,숨막히는 서부의 총격전! 누가 부관이고 누가 무법자 일까? 신분을 숨긴 총잡이들 사이에서 보안관은 악당을 처치할수있을까요? 가장 유명한 마피아 보드게임!,전략,45,3,4,7,2002,10,https://www.youtube.com/watch?v=DcI7tsUoCnM&ab_channel=%EC%BD%94%EB%A6%AC%EC%95%84%EB%B3%B4%EB%93%9C%EA%B2%8C%EC%9E%84%EC%A6%88,https://namu.wiki/w/%EB%B1%85(%EB%B3%B4%EB%93%9C%20%EA%B2%8C%EC%9E%84),https://www.coupang.com/vp/products/1746995?itemId=65639577&vendorItemId=3000165036&pickType=COU_PICK&q=%EB%B1%85&itemsCount=36&searchId=8efe5927905142aa941edc2ba9d73f05&rank=0&isAddedCart=,뱅.png
부루마블,세계여행을 즐기는 인생 투자게임! 땅을 사고 투자를 잘해서 많은 돈을 모아보자!!,전략,60,2,2,4,1982,8,https://www.youtube.com/watch?v=ks1RCgOrTic&ab_channel=%EC%95%8C%EC%93%B8%EC%8B%A0%EC%84%A0%EB%B3%B4%EB%93%9C%EA%B2%8C%EC%9E%84TV,https://namu.wiki/w/%EB%B6%80%EB%A3%A8%EB%A7%88%EB%B6%88?from=%EB%B6%80%EB%A3%A8%EB%A7%88%EB%B8%94,https://www.coupang.com/vp/products/175546357?itemId=501963136&vendorItemId=79679823023&q=%EB%B6%80%EB%A3%A8%EB%A7%88%EB%B8%94&itemsCount=36&searchId=c0a7c7ec6d5a49879f22ab448b169607&rank=1&isAddedCart=,부루마불.png
더 게임,서로가 예민해지는 협력게임! 서로 말하지 못하고 눈치로만 협력해서 게임을 이겨보자 과연 우리의 팀워크는 어떨까?,전략,20,2,2,4,2015,8,https://www.youtube.com/watch?v=Rirro1j4Yjg&pp=ygUd642U6rKM7J6EIOuztOuTnOqyjOyehCDshKTrqoU%3D&ab_channel=%EB%B3%B4%EB%93%9C%EB%9D%BC%EC%9D%B4%EB%B8%8CBoardLiveGame,https://namu.wiki/w/%EB%8D%94%20%EA%B2%8C%EC%9E%84?rev=61,https://boardm.co.kr/front/product/product_detail.php?seq=13471&pinid=,더 게임.png
달무티,내가 왕이 될 상인가? 중세 유럽 배경의 왕 게임! 승패에 따라 나의 신분이 정해진다! 왕이 되기 위해 남들보다 빨리 카드를 모두 내자,전략,30,2,4,7,1995,8,https://www.youtube.com/watch?v=sO-vxnoL31A,https://namu.wiki/w/%EB%8B%AC%EB%AC%B4%ED%8B%B0,https://www.coupang.com/vp/products/6439875832?itemId=13935327783&vendorItemId=3148459906&pickType=COU_PICK&q=%EB%8B%AC%EB%AC%B4%ED%8B%B0&itemsCount=36&searchId=44d3b53161b24d3b8bdf4db4bc456526&rank=0&isAddedCart=,달무티.png
센추리:향신료의 길,향신료를 모아 점수를 내자! 남들 보다 빨리 향신료를 모으기위해 신중하게 카드를 모으자,전략,35,3,2,5,2017,8,https://www.youtube.com/watch?v=YGHlaYV-_Dk&ab_channel=%EC%95%8C%EC%93%B8%EC%8B%A0%EC%84%A0%EB%B3%B4%EB%93%9C%EA%B2%8C%EC%9E%84TV,https://namu.wiki/w/%EC%84%BC%EC%B6%94%EB%A6%AC(%EB%B3%B4%EB%93%9C%20%EA%B2%8C%EC%9E%84),https://www.coupang.com/vp/products/2118958543?itemId=3597474544&vendorItemId=71583198334&q=%EC%84%BC%EC%B6%94%EB%A6%AC1&itemsCount=36&searchId=9f1995c6159c489d8254d7fbd56dd511&rank=1,센추리 향신료의 길.png
센추리:동방의 바다,금보다 비싼 신비로운 동방의 열대 향신료를 확보해보자! 여러분은 개척이 목표인 선장이 되어 생강 칠리 차 정향을 구하러 떠나 볼까요!,전략,40,3,2,4,2018,8,https://www.youtube.com/watch?v=Dv7dp6Ir2D0&pp=ygUk7IS87LaU66asIOuPmeuwqSDrs7Trk5zqsozsnoQg7ISk66qF&ab_channel=%EC%A0%95%EC%9D%B4%EC%9D%98%EB%B3%B4%EB%93%9C%EA%B2%8C%EC%9E%84TV,https://namu.wiki/w/%EC%84%BC%EC%B6%94%EB%A6%AC(%EB%B3%B4%EB%93%9C%20%EA%B2%8C%EC%9E%84),https://www.coupang.com/vp/products/5221399260?itemId=7327072090&vendorItemId=74618287668&q=%EC%84%BC%EC%B6%94%EB%A6%AC2(%EB%8F%99%EB%B0%A9%EC%9D%98+%EB%B0%94%EB%8B%A4)&itemsCount=6&searchId=e673adf7b4674e4b915b3c4ba9bf8333&rank=1&isAddedCart=,센추리 동방의 바다.png
센추리:신대륙의 개척자,신대륙에서 당신은 원주민들의 도움을 받고 도구를 사용하고 새로운 일꾼을 고용해 자원을 얻어야 합니다! 한정된 일꾼을 효율적으로 배치하여 신대륙을 개척하세요!,전략,40,3,2,4,2019,8,https://www.youtube.com/watch?v=PbqoAnf8_rg&pp=ygUn7IS87LaU66asIOyLoOuMgOulmSDrs7Trk5zqsozsnoQg7ISk66qF&ab_channel=%EB%B3%B4%EB%93%9C%EB%9D%BC%EC%9D%B4%EB%B8%8CBoardLiveGame,https://namu.wiki/w/%EC%84%BC%EC%B6%94%EB%A6%AC(%EB%B3%B4%EB%93%9C%20%EA%B2%8C%EC%9E%84),https://www.coupang.com/vp/products/1295054572?itemId=2307279904&vendorItemId=70304131279&q=%EC%84%BC%EC%B6%94%EB%A6%AC3(%EC%8B%A0%EB%8C%80%EB%A5%99%EC%9D%98+%EA%B0%9C%EC%B2%99%EC%9E%90)&itemsCount=9&searchId=714133a45d294a90ada8503ae9215c92&rank=0&isAddedCart=,센추리 신대륙의 개척자.png
로스트 시티,탐험대가 되어 유적지 5곳을 탐험하며 점수를 내는 게임! 유적지 별로 최소 20점 이상을 올리자! 카드 게임의 진정한 승자는??,전략,20,2,2,2,1999,10,https://www.youtube.com/watch?v=ZyRUoQGbFP8,https://namu.wiki/w/%EB%A1%9C%EC%8A%A4%ED%8A%B8%20%EC%8B%9C%ED%8B%B0(%EB%B3%B4%EB%93%9C%20%EA%B2%8C%EC%9E%84),https://www.coupang.com/vp/products/182204547?itemId=522023373&vendorItemId=4350147557&pickType=COU_PICK&q=%EB%A1%9C%EC%8A%A4%ED%8A%B8%EC%8B%9C%ED%8B%B0&itemsCount=36&searchId=9e526ab47db242b482306ba34141e004&rank=1&isAddedCart=,로스트시티.png
렉시오,가장 먼저 타일을 내려놓자! 간단한 포커 룰이 적용되어 각자 타일을 조합해서 가장 먼저 내려놓는 게임!,전략,20,3,2,4,2005,8,https://www.youtube.com/watch?v=AtOuDhavHTs&pp=ygUd66CJ7Iuc7JikIOuztOuTnOqyjOyehCDshKTrqoU%3D&ab_channel=DEVALL%EB%B3%B4%EB%93%9C%EA%B2%8C%EC%9E%84,https://namu.wiki/w/%EB%A0%89%EC%8B%9C%EC%98%A4,https://www.coupang.com/vp/products/6714082145?itemId=15596727682&vendorItemId=72796456773&q=%EB%A0%89%EC%8B%9C%EC%98%A4&itemsCount=36&searchId=2c79cbdb4aaf46178f4baed46d0290fe&rank=1,렉시오.png
카멜 업,사막에서 낙타들의 경주가 시작됐다!! 사막의 오아시스를 이용하여 내가 배팅한 낙타를 1등 시켜라!! 경마의 재미를 느낄 수 있는 치열한 순위경쟁에서 최고의 배팅을 하자!! 과연 승자는?,전략,40,3,4,7,2014,8,https://www.youtube.com/watch?v=x7rk20XgIEE,https://namu.wiki/w/%EC%B9%B4%EB%A9%9C%20%EC%97%85,https://www.coupang.com/vp/products/7167160342?itemId=18048656439&vendorItemId=86250350400&q=%EC%B9%B4%EB%A9%9C%EC%97%85&itemsCount=36&searchId=0d28d95d6e5c4d7bbbcb3f932d8ff647&rank=1,카멜업.png
사보타지,자신의 역할을 숨기고 속이며 누가 가장 많은 금을 모으는가! 금을 캐는 광부 팀과 금을 캐지 못하게 방해하는 팀의 한판 대결!,전략,40,3,4,8,2004,8,"https://www.youtube.com/watch?v=fQQIUtr42NQ,https://www.youtube.com/watch?v=dHB0evrX4Iw",https://namu.wiki/w/%EC%82%AC%EB%B3%B4%ED%83%80%EC%A7%80,https://www.coupang.com/vp/products/25149427?itemId=97740042&vendorItemId=3177845081&pickType=COU_PICK&q=%EC%82%AC%EB%B3%B4%ED%83%80%EC%A7%80&itemsCount=36&searchId=2180d26abbe445c89d6618f3956f1cde&rank=2&isAddedCart=,사보타지.png
노 땡스(노 머시),카드로하는 마이너스 경매게임!! 카드를 선택하던가 칩을 한 개 올려놓던가!! 낮은 점수를 만드는 사람이 이기는 게임,전략,20,2,3,5,2004,8,https://www.youtube.com/watch?v=WUBMOXBhthI&ab_channel=%EC%95%8C%EC%93%B8%EC%8B%A0%EC%84%A0%EB%B3%B4%EB%93%9C%EA%B2%8C%EC%9E%84TV,https://namu.wiki/w/%EB%85%B8%20%EB%A8%B8%EC%8B%9C?from=%EB%85%B8%EB%95%A1%EC%8A%A4,https://www.coupang.com/vp/products/7368427814?itemId=19001359237&vendorItemId=86126337500&q=%EB%85%B8%EB%95%A1%EC%8A%A4&itemsCount=36&searchId=efe5c6dc19424d948cf17cf917f9c618&rank=1&isAddedCart=,노땡스.png
7원더스,고대 문명 중 하나를 선택하여 최고의 문명이 될 수 있도록 발전시켜야 합니다. 각종 불가사의와 건물들이 당신의 문명을 빛낼 것입니다.,전략,40,4,2,7,2010,10,https://www.youtube.com/watch?v=HBUMGsAP4Gc&pp=ygUj7IS467iQ7JuQ44S37IqkIOuztOuTnOqyjOyehCDshKTrqoU%3D&ab_channel=%EB%B3%B4%EB%93%9C%EB%9D%BC%EC%9D%B4%EB%B8%8CBoardLiveGame,https://namu.wiki/w/7%20%EC%9B%90%EB%8D%94%EC%8A%A4?from=%EC%84%B8%EB%B8%90%EC%9B%90%EB%8D%94%EC%8A%A4,https://www.coupang.com/vp/products/5800516379?itemId=9947383361&vendorItemId=77230597548&q=%EC%84%B8%EB%B8%90%EC%9B%90%EB%8D%94%EC%8A%A4&itemsCount=36&searchId=235d41c21a86405689fe4bb4f7636d61&rank=2&isAddedCart=,7원더스.png
7원더스:듀얼,고대이집트 문명의 발전과 전쟁들!! 여러 가지 방법들의 승리조건!! 승리를 위해선 치밀한 전략이 필요한 오리지널 전략게임!!,전략,60,4,2,2,2015,10,https://www.youtube.com/watch?v=iqhABocQIt8,https://namu.wiki/w/7%20%EC%9B%90%EB%8D%94%EC%8A%A4:%20%EB%93%80%EC%96%BC,https://www.coupang.com/vp/products/319842276?itemId=1023252935&vendorItemId=5464230473&pickType=COU_PICK&q=%EC%84%B8%EB%B8%90%EC%9B%90%EB%8D%94%EC%8A%A4+%EB%8C%80%EA%B2%B0&itemsCount=29&searchId=90f67425655441f68db470e0468dc30f&rank=1,7원더스 듀얼.png
데드맨스드로우,플레어들은 값어치 있는 전리품들을 포획하려는 해적이 됩니다. 하지만 탐욕을 부리다가는 모든 것을 잃을 수 있습니다.,전략,20,3,2,4,2014,13,https://www.youtube.com/watch?v=MkBr1uPLYKw&pp=ygUp642w65Oc66eo7Iqk65Oc66Gc7JqwIOuztOuTnOqyjOyehCDshKTrqoU%3D&ab_channel=%EC%9C%99%EB%B3%B4%EB%93%9C%EA%B2%8C%EC%9E%84WINGBoardGame,,https://prod.danawa.com/info/?pcode=10607499,데드맨스드로우.png
사그라다,누가 가장 아름다운 창문을 만들 것인가!! 창문을 만들기 위해선 주사위 운과 잘짜여진 전략이 필요하다!! 도구들을 이용하여 창문을 만들어라!!!,전략,30,4,2,4,2017,14,https://www.youtube.com/watch?v=4qc6Iq2nuXQ&pp=ygUg7IKs6re4652864ukIOuztOuTnOqyjOyehCDshKTrqoU%3D&ab_channel=DiceTown,,https://www.coupang.com/vp/products/6656473519?itemId=15268695235&vendorItemId=82489243121&q=%EC%82%AC%EA%B7%B8%EB%9D%BC%EB%8B%A4&itemsCount=36&searchId=4fcfdfe93f6d4189a9c1b14bde83d0c1&rank=2,사그라다.png
모노폴리,세계인이 함께 즐기는 경제 게임! 건물을 빨리 지어 올려서 임대료를 통해 돈을 많이 모으자!!,전략,90,2,2,6,1933,8,https://www.youtube.com/watch?v=pMeqWdFW0G8&ab_channel=%EC%95%8C%EC%93%B8%EC%8B%A0%EC%84%A0%EB%B3%B4%EB%93%9C%EA%B2%8C%EC%9E%84TV,https://namu.wiki/w/%EB%AA%A8%EB%85%B8%ED%8F%B4%EB%A6%AC(%EB%B3%B4%EB%93%9C%20%EA%B2%8C%EC%9E%84),https://www.coupang.com/vp/products/7308622674?itemId=18718639803&vendorItemId=3559972731&pickType=COU_PICK&q=%EB%AA%A8%EB%85%B8%ED%8F%B4%EB%A6%AC&itemsCount=36&searchId=b7db88f88ba14c36a1de35c70b1d3026&rank=0&isAddedCart=,모노폴리.png
모노폴리 전자카드,이제는 지폐가 아닌 카드로 땅 산다! 모노폴리를 조금 더 쉽게 즐기자!!,전략,90,2,2,4,2009,8,,https://namu.wiki/w/%EB%AA%A8%EB%85%B8%ED%8F%B4%EB%A6%AC(%EB%B3%B4%EB%93%9C%20%EA%B2%8C%EC%9E%84),https://www.coupang.com/vp/products/68670898?itemId=229249233&vendorItemId=86126468625&q=%EB%AA%A8%EB%85%B8%ED%8F%B4%EB%A6%AC%EC%A0%84%EC%9E%90%EC%B9%B4%EB%93%9C&itemsCount=36&searchId=1b0fd913a7dc4570ae37c3a1b9fb06da&rank=3,모노폴리 전자카드.png
인쉬,오델로로 뒤집어서 3개의 오목을 완성하라! 본인의 링을 놓고 옮기면서 링 3개를 먼저 제거하자! 치열한 두뇌싸움을 원하시는 분들은 Choice,전략,20,2,2,2,2003,9,https://www.youtube.com/watch?v=FUiTZsHYE9E,https://namu.wiki/w/%EC%9D%B8%EC%89%AC,https://www.coupang.com/vp/products/7185778672?itemId=18132101541&vendorItemId=85282816800&q=%EC%9D%B8%EC%89%AC&itemsCount=15&searchId=41d7bbf31a274ebdaa9323e438129373&rank=1&isAddedCart=,인쉬.png
아그리콜라,17세기 중세 유럽이라는 배경을 설정하여 가난한 농부가 가족을 먹여 살리는 보드게임!,전략,30,4,1,4,2007,12,https://www.youtube.com/watch?v=1haTclfSqys&ab_channel=%EC%BD%94%EB%A6%AC%EC%95%84%EB%B3%B4%EB%93%9C%EA%B2%8C%EC%9E%84%EC%A6%88,https://namu.wiki/w/%EC%95%84%EA%B7%B8%EB%A6%AC%EC%BD%9C%EB%9D%BC(%EB%B3%B4%EB%93%9C%20%EA%B2%8C%EC%9E%84),https://www.coupang.com/vp/products/1746714?itemId=7622962&vendorItemId=3010293831&q=%EC%95%84%EA%B7%B8%EB%A6%AC%EC%BD%9C%EB%9D%BC&itemsCount=36&searchId=5d9cf765d4a74c469189e190569fa5ab&rank=1,아그리콜라.png
임호텝,석재를 옮겨 신전과 피라미드를 쌓자! 이집트 최고의 건축가가 되기위해선 눈치와 비열함 그리고 전략이 필요하다!,전략,40,3,2,4,2016,10,https://www.youtube.com/watch?v=4KIKk2PzAn8,https://namu.wiki/w/%EB%B3%B4%EB%93%9C%EA%B2%8C%EC%9E%84%20%EC%9E%84%ED%98%B8%ED%85%9D,https://www.coupang.com/vp/products/100707628?itemId=307388012&vendorItemId=4416874621&q=%EC%9E%84%ED%98%B8%ED%85%9D%EB%B3%B4%EB%93%9C&itemsCount=36&searchId=f7611b2112804a44a89026df12009d78&rank=0&isAddedCart=,임호텝.png
아발론 클래식,자신의 진영을 잘 움직여서 상대방 구슬을 게임판밖으로 밀어내는 게임! 구슬을 움직일때 마다 진영의 형태가 바뀌기 때문에 전략적으로 고민이 필요한 게임!!,전략,20,2,2,2,1987,7,https://www.youtube.com/watch?v=uayiqsuHC6I&ab_channel=%EC%95%8C%EC%93%B8%EC%8B%A0%EC%84%A0%EB%B3%B4%EB%93%9C%EA%B2%8C%EC%9E%84TV,https://namu.wiki/w/%EC%95%84%EB%B0%9C%EB%A1%A0(%EB%B3%B4%EB%93%9C%20%EA%B2%8C%EC%9E%84),https://www.coupang.com/vp/products/78354112?itemId=252931528&vendorItemId=3615869678&q=%EC%95%84%EB%B0%9C%EB%A1%A0%ED%81%B4%EB%9E%98%EC%8B%9D&itemsCount=36&searchId=3f6954c20e4842a88aed849fd450b408&rank=1&isAddedCart=,아발론 클래식.png
퍼레이드,이상한 나라에서 펼쳐지는 뒤죽박죽 카드게임 퍼레이드! 게임이 끝났을 때 가장 낮은 점수의 플레이어가 승리하는 게임!,전략,40,2,2,6,2007,12,https://www.youtube.com/watch?v=tNP8TstJzDE&pp=ygUg7Y2866CI7J2065OcIOuztOuTnOqyjOyehCDshKTrqoU%3D&ab_channel=DEVALL%EB%B3%B4%EB%93%9C%EA%B2%8C%EC%9E%84,,https://www.coupang.com/vp/products/26140661?itemId=101507675&vendorItemId=3188806151&q=%ED%8D%BC%EB%A0%88%EC%9D%B4%EB%93%9C&itemsCount=36&searchId=05131d6fbc544e859539efae53e1905c&rank=1,퍼레이드.png
테라포밍 마스,화성개척을 위한 서로간의 치열한 개척전쟁!! 여러 가지 행동들과 자원들을 통하여 화성을 개척시키고 상대방의 개척을 방해하자!! (주의 : 전략게임을 많이해본사람에게만 추천!!),전략,100,4,2,4,2016,12,https://www.youtube.com/watch?v=73H_uj_hzbk&ab_channel=%EC%95%8C%EC%93%B8%EC%8B%A0%EC%84%A0%EB%B3%B4%EB%93%9C%EA%B2%8C%EC%9E%84TV,https://namu.wiki/w/%ED%85%8C%EB%9D%BC%ED%8F%AC%EB%B0%8D%20%EB%A7%88%EC%8A%A4,https://www.coupang.com/vp/products/2234214124?itemId=3812955935&vendorItemId=71797852475&pickType=COU_PICK&q=%ED%85%8C%EB%9D%BC%ED%8F%AC%EB%B0%8D%EB%A7%88%EC%8A%A4&itemsCount=36&searchId=136d98cdb1de42ea83460bc1a6551d3e&rank=1&isAddedCart=,테라포밍마스.png
푸에르토 리코,푸에르토 리코라는 식민지를 경영하는 게임! 건물을 짓고 수확을 하고 수출하고! 돈을 벌어 점수를 획득하는 경영게임!,전략,90,4,2,5,2002,12,https://www.youtube.com/watch?v=C03IYpd89a4,https://namu.wiki/w/%ED%91%B8%EC%97%90%EB%A5%B4%ED%86%A0%20%EB%A6%AC%EC%BD%94(%EB%B3%B4%EB%93%9C%20%EA%B2%8C%EC%9E%84),https://www.aladin.co.kr/shop/wproduct.aspx?ItemId=626728,푸에르토리코.png
카탄,독일식 현대 보드게임의 제왕! 땅 위에 도로와 마을 도시를 건설하며 자원을 얻고 다른 플레이어들과의 거래도 이루어지는 전략게임!!,전략,50,3,3,4,1995,12,https://www.youtube.com/watch?v=9WaUHAOvjU8,https://namu.wiki/w/%EC%B9%B4%ED%83%84,https://www.coupang.com/vp/products/6713264452?itemId=15592791441&vendorItemId=82811657938&q=%EC%B9%B4%ED%83%84&itemsCount=36&searchId=7a70f1b0455d450aa0d351928ac043bf&rank=0,카탄.png
카탄:항해사,바다를 통해서 새로운 섬으로 진출하고 확장하는 것에 초점이 맞추어져 있고 원작과 동일하게 목표 점수를 빠르게 획득해야 승리하는 보드게임,전략,100,3,3,4,1997,10,https://www.youtube.com/watch?v=46WvyB4O7O8&pp=ygUk7Lm07YOEIO2Vre2VtOyCrCDrs7Trk5zqsozsnoQg7ISk66qF&ab_channel=%EC%97%84%EB%A7%88%EB%93%B1%EC%A7%9D%2a%EA%B2%9C%EB%B3%B4%EC%9D%B4,https://namu.wiki/w/%EC%B9%B4%ED%83%84/%ED%95%AD%ED%95%B4%EC%82%AC,https://www.coupang.com/vp/products/22008077?itemId=85740458&vendorItemId=85339201638&q=%EC%B9%B4%ED%83%84%3A%ED%95%AD%ED%95%B4%EC%82%AC&itemsCount=23&searchId=2614737a6f394175befb1aff4aa1e9dc&rank=2,카탄 항해사.png
카탄:도시와 기사,살기 좋게 발전된 카탄섬을 야만족들이 침략해 오는데 이에 맞서 야만족을 방어하며 더욱 더 발전시켜 승리해야하는 게임,전략,120,3,3,4,1998,12,https://www.youtube.com/watch?v=8fGGH3n-IlY&pp=ygUk7Lm07YOEIO2Vre2VtOyCrCDrs7Trk5zqsozsnoQg7ISk66qF&ab_channel=%EB%B3%B4%EB%93%9C%EB%9D%BC%EC%9D%B4%EB%B8%8CBoardLiveGame,https://namu.wiki/w/%EC%B9%B4%ED%83%84/%EB%8F%84%EC%8B%9C%EC%99%80%20%EA%B8%B0%EC%82%AC,https://www.coupang.com/vp/products/15261160?itemId=62799747&vendorItemId=82757138133&q=%EC%B9%B4%ED%83%84%3A%EB%8F%84%EC%8B%9C%EC%99%80%EA%B8%B0%EC%82%AC&itemsCount=11&searchId=44dffbdedd5a4c2aad1a3b677e3fdbbc&rank=0&isAddedCart=,카탄 도시와 기사.png
퀵소,5개의 말을 한 줄로 늘어뜨리면 이기는 오목과 같은 게임 (체스나 바둑 같은 게임을 좋아한다면 GO),전략,15,2,2,4,1995,8,https://www.youtube.com/watch?v=s5HGoVo-dB8&ab_channel=%EC%95%8C%EC%93%B8%EC%8B%A0%EC%84%A0%EB%B3%B4%EB%93%9C%EA%B2%8C%EC%9E%84TV,,https://www.coupang.com/vp/products/748422?itemId=2840660&vendorItemId=3013990847&q=%ED%80%B5%EC%86%8C&itemsCount=36&searchId=a5e91fb6c6984512b21b49739a947753&rank=1,퀵소.png
쿼리도,미로 속을 빠져나가자! 서로 막고 막히는 미로게임! 그 복잡한 미로를 누가 가장 빠르게 탈출할 것인가?,전략,20,2,2,4,1997,8,https://www.youtube.com/watch?v=Cb4TJ3VB51Y&ab_channel=%EC%95%8C%EC%93%B8%EC%8B%A0%EC%84%A0%EB%B3%B4%EB%93%9C%EA%B2%8C%EC%9E%84TV,https://namu.wiki/w/%EC%BF%BC%EB%A6%AC%EB%8F%84,https://www.coupang.com/vp/products/2170426646?itemId=3692118689&vendorItemId=71416790362&q=%EC%BF%BC%EB%A6%AC%EB%8F%84&itemsCount=36&searchId=74693c6b1cd94d32bbce9b6e0582d2cf&rank=0&isAddedCart=,쿼리도.png
픽 피크닉,눈에 보이는 옥수수를 먹기 위해 새 카드를 낼지 새들이 몰려들 것을 기대하고 여우 카드를 낼지 안전한 식사는 픽피크닉에 존재하지 않습니다!,전략,20,2,2,6,2001,8,https://www.youtube.com/watch?v=MANXXkEOt3E&pp=ygUd7ZS97ZWU64uJIOuztOuTnOqyjOyehCDshKTrqoU%3D&ab_channel=%EA%B3%B0%ED%8C%A1%EB%A7%A8,,https://www.coupang.com/vp/products/6299594701?itemId=13018857235&vendorItemId=80281897283&q=%ED%94%BD%ED%94%BC%ED%81%AC%EB%8B%89&itemsCount=36&searchId=4df70520152448ce8adc0b485e3ac0e8&rank=1,픽 피크닉.png
포세일,부동산 투자와 판매를 경험해보자!! 내 재산들을 분배하여 부동산을 산 후 판매하여 더 큰돈을 얻어라!! 과연 이시대의 부동산투자왕은 누가될것인가??,전략,30,3,3,4,1997,10,https://www.youtube.com/watch?v=sz90tqZNEko,https://namu.wiki/w/%ED%8F%AC%EC%84%B8%EC%9D%BC,https://www.coupang.com/vp/products/22121444?itemId=86096115&vendorItemId=3146473158&q=%ED%8F%AC%EC%84%B8%EC%9D%BC&itemsCount=36&searchId=6a34c07b6a754957bec5d960154e4f7e&rank=1&isAddedCart=,포세일.png
카카오,중앙아메리카 원주민들과 그들이 신의 음식이라 불렀던 카카오를 소재로 한 보드게임!,전략,45,3,2,4,2015,8,https://www.youtube.com/watch?v=W1h_XCLRwIY&pp=ygUd7Lm07Lm07JikIOuztOuTnOqyjOyehCDshKTrqoU%3D&ab_channel=%EC%BD%94%EB%A6%AC%EC%95%84%EB%B3%B4%EB%93%9C%EA%B2%8C%EC%9E%84%EC%A6%88,,,카카오.png
아줄,포루투갈의 타일 장인이 되어 자신이 맡은 왕궁 벽면을 아름답게 꾸미는 보드게임!,전략,40,3,2,4,2017,8,https://www.youtube.com/watch?v=pRd8VLkZDFU&ab_channel=%EC%95%8C%EC%93%B8%EC%8B%A0%EC%84%A0%EB%B3%B4%EB%93%9C%EA%B2%8C%EC%9E%84TV,,https://www.coupang.com/vp/products/7159430347?itemId=18014952000&vendorItemId=85170372632&q=%EC%95%84%EC%A4%84%EB%B3%B4%EB%93%9C%EA%B2%8C%EC%9E%84&itemsCount=36&searchId=0a0d0310c74949338639073572ffa868&rank=6,아줄.png
장미전쟁,두명이서 즐기는 땅 따먹기 전략게임 왕위 쟁탈전! 서로 다른 가문의 왕위를 위한 싸움 더 많은 영토에 본인 가문의 영역을 표시하자!,전략,30,2,2,2,1992,10,https://www.youtube.com/watch?v=eH1BSkCkaCY&ab_channel=hyunong,https://namu.wiki/w/%EC%9E%A5%EB%AF%B8%EC%A0%84%EC%9F%81(%EB%B3%B4%EB%93%9C%20%EA%B2%8C%EC%9E%84),https://www.coupang.com/vp/products/4799331437?itemId=6158926973&vendorItemId=73455118510&q=%EC%9E%A5%EB%AF%B8%EC%A0%84%EC%9F%81&itemsCount=36&searchId=e272ca2e1cb74c188a4718500bb4897a&rank=1&isAddedCart=,장미전쟁.png
졸리앤로저,해적이 되어 상선을 약탈하는 게임!!! 상선을 점령하고 배에 실린 보물을 뺏어 점수를 얻을 수 있고 더 많은 보물을 모을는 사람이 승리,전략,20,2,2,2,2016,8,https://www.youtube.com/watch?v=nNi6cGd_j9U,,https://www.coupang.com/vp/products/27493636?itemId=105793460&vendorItemId=3203454765&q=%EC%A1%B8%EB%A6%AC%EC%95%A4%EB%A1%9C%EC%A0%80&itemsCount=36&searchId=26df210e2b374d50b4e3e4d5d0a248b4&rank=1,졸리앤로저.png
젝스님트,다른 사람이 어떤 카드를 낼지 예측하면서 조심히 카드를 내야하고 게임이 끝났을 때 가장 별점이 적은 사람이 승리!!,전략,20,2,2,10,1994,8,https://www.youtube.com/watch?v=MLXnR_tdjP4,https://namu.wiki/w/%EC%A0%9D%EC%8A%A4%EB%8B%98%ED%8A%B8,https://www.coupang.com/vp/products/4869230?itemId=22184919&vendorItemId=3013990926&q=%EC%A0%9D%EC%8A%A4%EB%8B%98%ED%8A%B8&itemsCount=36&searchId=11a56c974453429d8c7a5334cd84d24d&rank=1,젝스님트.png
모던 아트,세계적으로 유명한 화랑의 운영자가 되어 다섯 명의 근대 거장 화가들이 그려낸 작품들을 경매하여 수익을 올리는 게임!,전략,45,4,3,5,2017,10,https://www.youtube.com/watch?v=2WIeaI9tRLo,https://namu.wiki/w/%EB%AA%A8%EB%8D%98%20%EC%95%84%ED%8A%B8,https://www.coupang.com/vp/products/5382388955?itemId=8000105015&vendorItemId=85333761005&q=%EB%AA%A8%EB%8D%98%EC%95%84%ED%8A%B8&itemsCount=36&searchId=dc9b3e91f149477da26a38114fa39131&rank=1&isAddedCart=,모던 아트.png
리스크,세계정복을 하는 게임으로 맵도 세계지도 게임말도 보병 기병 포병등 군대에 관련된 모양이며 한 게임!,전략,120,3,2,6,1959,10,,https://namu.wiki/w/%EB%A6%AC%EC%8A%A4%ED%81%AC(%EB%B3%B4%EB%93%9C%20%EA%B2%8C%EC%9E%84),,리스크.png
와이어트 어프,보안관들의 현상금 사냥! 최고 금액 현상수배범을 잡아라! 현상금을 제일 많이 획득하면 승리!,전략,40,4,2,4,2014,8,https://www.youtube.com/watch?v=NKL5Nb7rZdo&pp=ygUm7JmA7J207Ja07Yq47Ja07ZSEIOuztOuTnOqyjOyehCDshKTrqoU%3D&ab_channel=DEVALL%EB%B3%B4%EB%93%9C%EA%B2%8C%EC%9E%84,https://namu.wiki/w/%EC%99%80%EC%9D%B4%EC%96%B4%ED%8A%B8%20%EC%96%B4%ED%94%84#s-2,https://www.coupang.com/vp/products/16122193?itemId=65826209&vendorItemId=3104866923&q=%EC%99%80%EC%9D%B4%EC%96%B4%ED%8A%B8%EC%96%B4%ED%94%84&itemsCount=36&searchId=597e8cc1a82b4732b6b468fb67f18f4b&rank=1&isAddedCart=,와이어트 어프.png
5분 던전,무시무시한 보스가 잠자는 어둡고 불길한 던전 보스의 방으로 가는길에는 마물과 온갖 괴상한 것들이 숨어있다. 몬스터와 함정을 물리치자!,전략,5,2,2,5,2017,8,https://www.youtube.com/watch?v=b777_zx5C7g,https://namu.wiki/w/5%EB%B6%84%20%EB%8D%98%EC%A0%84,,5분 던전.png
5분 마블,공공의 적을 무찔르자! 네 탓 내 탓 할 것 없이 합심해서 달려달려!!,전략,5,2,2,5,2018,8,https://www.youtube.com/watch?v=-BP1zegtdNg&ab_channel=%EC%BD%94%EB%A6%AC%EC%95%84%EB%B3%B4%EB%93%9C%EA%B2%8C%EC%9E%84%EC%A6%88,,https://www.coupang.com/vp/products/212637162?itemId=642095505&vendorItemId=4673625878&pickType=COU_PICK&q=%EB%B3%B4%EB%93%9C%EA%B2%8C%EC%9E%84+5%EB%B6%84%EB%8D%98%EC%A0%84&itemsCount=36&searchId=0b08c100225d405eb8ff03cc1fc9cd16&rank=2,5분 마블.png
모두의 마블,서울부터 뉴욕까지 세계여행을 즐기자! 주사위만 있으면 누구나 즐길 수 있는 쉽고 재미있는 모두의 마블!,전략,40,2,2,4,2014,8,https://www.youtube.com/watch?v=dpM8th-zjfM,,https://www.coupang.com/vp/products/191629391?itemId=547905480&vendorItemId=4437313517&q=%EB%AA%A8%EB%91%90%EC%9D%98%EB%A7%88%EB%B8%94&itemsCount=36&searchId=b7c8583cb475468d91f36296087c569c&rank=1&isAddedCart=,모두의 마블.png
트러플 셔플,트러플 초콜릿을 세심하게 골라 고객의 취향에 맞는 세트를 완성하세요! 고객의 주문을 완성하면 만들 세트에 따라 동전을 받을 수 있습니다.,전략,30,2,2,4,2020,14,https://www.youtube.com/watch?v=5thslReSsZs,,https://www.coupang.com/vp/products/4563627056?itemId=5563047667&vendorItemId=72862429546&q=%ED%8A%B8%EB%9F%AC%ED%94%8C%EC%85%94%ED%94%8C&itemsCount=36&searchId=e32ec01dfe7c4848a5ebedce7d6d37de&rank=1&isAddedCart=,트러플 셔플.png
도미니언,남들 보다 많은 승점카드를 모으자! 이기기 위해선 신중하게 자신의 패를 구성해야한다! 덱 빌딩 게임의 원조!,전략,40,3,2,4,2008,13,https://www.youtube.com/watch?v=biiAIQVcDg4,https://namu.wiki/w/%EB%8F%84%EB%AF%B8%EB%8B%88%EC%96%B8(%EB%B3%B4%EB%93%9C%20%EA%B2%8C%EC%9E%84),https://www.coupang.com/vp/products/1203212?itemId=5208793&vendorItemId=3006497160&q=%EB%8F%84%EB%AF%B8%EB%8B%88%EC%96%B8&itemsCount=36&searchId=db32e1c97e6544219e9d6764f02019d3&rank=1&isAddedCart=,도미니언.png
포레스트,나는 어떤 나무를 얼마나 키울 수 있을까? 산림감시원이 되어 숲을 보호해주세요. 산림을 훼손하는 벌목꾼을 감시하고 사냥꾼으로부터 동물을 지켜주세요!,전략,20,3,2,5,2013,8,https://www.youtube.com/watch?v=9GIXrELLQJ8&pp=ygUg7Y-s66CI7Iqk7Yq4IOuztOuTnOqyjOyehCDshKTrqoU%3D&ab_channel=%EB%B3%B4%EC%95%BD%EA%B2%8C%EC%9E%84,https://namu.wiki/w/%ED%8F%AC%EB%A0%88%EC%8A%A4%ED%8A%B8(%EB%B3%B4%EC%95%BD%EA%B2%8C%EC%9E%84),https://www.coupang.com/vp/products/1929248?itemId=8559873&vendorItemId=3011952652&q=%ED%8F%AC%EB%A0%88%EC%8A%A4%ED%8A%B8+%EB%B3%B4%EB%93%9C%EA%B2%8C%EC%9E%84&itemsCount=36&searchId=a2ce82f8cdb74eb297be2feed6dea510&rank=1,포레스트.png
스컬킹,난 몇 승을 할 수 있을까? 가장 많은 점수를 얻어 스컬킹의 자리에 올라라!!! 나의 승리 확률을 맞추는 신선한 보드게임 방식!! 패배에도 점수가 있다. 과연 나의 승률은??,전략,30,3,4,4,2013,8,https://www.youtube.com/watch?v=F7WIUwrTHjI,,https://www.coupang.com/vp/products/6629351789?itemId=15107065706&vendorItemId=82328972005&q=%EC%8A%A4%EC%BB%AC%ED%82%B9&itemsCount=36&searchId=5ca8ff9eb3bc4f6baccf900851cdeca1&rank=1&isAddedCart=,스컬킹.png
아키올로지,고대 유적을 탐험하며 보물을 모으자! 똑같은 보물을 많이 모으면 모을수록 버는 돈이 기하급수적으로 많아집니다! 애써 모은 보물들이 모래 폭풍에 쓸려나가지 않게 조심하세요!,전략,20,3,2,5,2007,8,https://www.youtube.com/watch?v=Xhlert77EYU&ab_channel=%EC%BD%94%EB%A6%AC%EC%95%84%EB%B3%B4%EB%93%9C%EA%B2%8C%EC%9E%84%EC%A6%88,,https://www.coupang.com/vp/products/134976142?itemId=396111390&vendorItemId=3964912617&q=%EC%95%84%ED%82%A4%EC%98%AC%EB%A1%9C%EC%A7%80&itemsCount=36&searchId=5579d272bc934e659ff69d2c327df193&rank=1,아키올로지.png
랫어탯캣,기억력과 표정 관리가 중요한 게임! 가장 작은 숫자를 만들면 이기는 게임!,전략,20,2,2,6,1995,6,https://www.youtube.com/watch?v=4j28WdHwNAc&ab_channel=%EC%95%8C%EC%93%B8%EC%8B%A0%EC%84%A0%EB%B3%B4%EB%93%9C%EA%B2%8C%EC%9E%84TV,https://namu.wiki/w/%EB%9E%AB%EC%96%B4%ED%83%AF%EC%BA%A3,https://www.coupang.com/vp/products/6060796510?itemId=11143974988&vendorItemId=78422360847&q=%EB%9E%AB%EC%96%B4%ED%83%AF%EC%BA%A3&itemsCount=36&searchId=6ac625680e3b41ef9a101795268285dd&rank=2,랫어탯캣.png
라스베가스 로얄,여섯 곳의 카지노를 방문하면서 각 라운드에 걸려 있는 상금을 얻기 위해 노력해 보세요! 주사위를 어디에 배치해야 할까요!?,전략,40,3,2,5,2019,8,"https://www.youtube.com/watch?v=v_4BSTod5ls&ab_channel=%EC%95%8C%EC%93%B8%EC%8B%A0%EC%84%A0%EB%B3%B4%EB%93%9C%EA%B2%8C%EC%9E%84TV,https://www.youtube.com/watch?v=n2wmn1E4hdU&ab_channel=%EC%84%9C%EC%A7%84%EC%9D%B4%EC%9D%98%ED%95%98%EB%A3%A8",,https://www.yes24.com/Product/Goods/90547716,라스베가스 로얄.png
수목원,나무를 심어 아름다운 산책로를 완성하세요! 고요하고 평화로운 숲속 긴장감 넘치는 나무 심기!,전략,30,3,2,4,2015,8,https://www.youtube.com/watch?v=wu4Lf9bdSI8,,https://www.yes24.com/Product/Goods/75446573,수목원.png
위너스서클,플레어이들끼리 공용 말들에게 비공개로 토큰을 올려 놓고 베팅한 상금을 차지하는 게임! 경마장을 연상시키는 게임이예요!,전략,60,4,2,6,2001,10,https://www.youtube.com/watch?v=MqKy32CWfUE,,,위너스서클.png
드렉사우,카드로 하는 돼지 씻기는 게임! 여러 카드를 사용해서 돼지 5마리를 먼저 더럽히는 사람이 승리! 빠른 진행에 게임을 원하는 사람들은 Choice!,전략,10,2,2,4,2012,7,https://www.youtube.com/watch?v=ovB3AMEqIuc&pp=ygUg65Oc66CJ7IKs7JqwIOuztOuTnOqyjOyehCDshKTrqoU%3D&ab_channel=%EC%95%8C%EC%93%B8%EC%8B%A0%EC%84%A0%EB%B3%B4%EB%93%9C%EA%B2%8C%EC%9E%84TV,,https://www.coupang.com/vp/products/4781789677?itemId=6115077418&vendorItemId=84670768958&q=%EB%93%9C%EB%A0%89%EC%82%AC%EC%9A%B0&itemsCount=19&searchId=bce786568cbf4c9fa4e223d3d1a230aa&rank=1&isAddedCart=,드렉사우.png
타르기,사하라의 모래바람만큼이나 숨 막히는 수 싸움의 세계로 한 수 한 수마다 긴장감이 가득한 1:1 전략게임!,전략,60,3,2,2,2012,12,https://www.youtube.com/watch?v=5UC41RAD3Bo,,https://www.coupang.com/vp/products/1095882819?itemId=2053473687&vendorItemId=70052776447&q=%ED%83%80%EB%A5%B4%EA%B8%B0&itemsCount=36&searchId=44e73293f4254844baffef0012c07df7&rank=1&isAddedCart=,타르기.png
몰타의관문,카드로 하는 전략게임!! 진주와 다이아몬드를 모아 캐릭터를 고용하라!! 고용한 캐릭터의 능력을 빌려 12점을 먼저 모으면 승리!! 누가 몰타의 승리자가 될것인가!!,전략,40,3,2,4,2015,10,https://www.youtube.com/watch?v=7I40q4RFFA0,,https://boardm.co.kr/front/product/product_detail.php?seq=12637&pinid=24188,몰타의관문.png
마라케시,아프리카 북서부 지중해 남쪽!! 모로코시장에서 목 좋은 자리를 서로 차지하려는 양탄자 상인들의 눈치 싸움!!,전략,20,2,2,4,2007,6,https://www.youtube.com/watch?v=qh3Jbx0WJEQ,,https://www.coupang.com/vp/products/325729264?itemId=1042850030&vendorItemId=86149140175&q=%EB%A7%88%EB%9D%BC%EC%BC%80%EC%8B%9C&itemsCount=36&searchId=d66789dae6bc48c082be126db8b24087&rank=1&isAddedCart=,마라케시.png
시퀀스,팀전으로도 즐길 수 있는 신개념 트럼프 오목!! 여러명이서 협동하여 오목을 만들어보자!! 여러명이서 즐기기 좋은 게임!!,전략,30,2,2,6,1982,7,https://www.youtube.com/watch?v=IB5cZxYV62s,,https://www.coupang.com/vp/products/285312209?itemId=905101645&vendorItemId=70851093348&pickType=COU_PICK&q=%EC%8B%9C%ED%80%80%EC%8A%A4&itemsCount=36&searchId=5c5c8df9ee474a629451f318c0abc949&rank=1,시퀀스.png
티켓 투 라이드,각각의 도시들을 여행 하자! 북미 지도상에 도로들을 연결해서 높은 점수를 얻는 사람이 승리!! 목적지의 위치를 정확하게 파악해서 연결하자!!,전략,60,2,3,4,2004,8,https://www.youtube.com/watch?v=_VRa842TN6U,https://namu.wiki/w/%ED%8B%B0%EC%BC%93%20%ED%88%AC%20%EB%9D%BC%EC%9D%B4%EB%93%9C,https://www.coupang.com/vp/products/6172322602?itemId=12056833467&vendorItemId=79328973360&q=%ED%8B%B0%EC%BC%93%ED%88%AC%EB%9D%BC%EC%9D%B4%EB%93%9C&itemsCount=36&searchId=0781f314e6f24b5cb0b08f534f011628&rank=1&isAddedCart=,티켓 투 라이드.png
토끼와 거북이,귀여운 동물들의 달리기 게임! 각자 달리기에 우승할 동물을 예측하고 등수를 가장 잘 맞춘 사람이 승리하는 게임!,전략,15,2,2,5,1973,8,https://www.youtube.com/watch?v=iqDKjlAQUsM,,https://boardm.co.kr/front/product/product_detail.php?seq=12799&pinid=24188,토끼와 거북이.png
패치워크,테트리스 좋아하세요? 퍼즐을 빈칸 없이 채워야 해요! 여러가지 다양한 천과 가죽을 꿰매서 예쁜 퀼트를 만들자!,전략,20,2,2,2,2014,8,https://www.youtube.com/watch?v=avSqG-Wt6-g,https://namu.wiki/w/%ED%8C%A8%EC%B9%98%EC%9B%8C%ED%81%AC(%EB%B3%B4%EB%93%9C%EA%B2%8C%EC%9E%84),https://www.coupang.com/vp/products/6616848390?itemId=15027820756&vendorItemId=82250461220&q=%ED%8C%A8%EC%B9%98%EC%9B%8C%ED%81%AC&itemsCount=36&searchId=3993c86af1a242a7bb04d5ba00f48ee8&rank=1&isAddedCart=,패치워크.png
피냐타,플레이어들은 어린 아이가 되어 사탕을 모으자! 사탕을 얻기위해선 치밀한 전략이 필요하다!,전략,30,2,2,2,2013,13,https://www.youtube.com/watch?v=iFwjP8PX3CM&pp=ygUd7ZS864OQ7YOAIOuztOuTnOqyjOyehCDshKTrqoU%3D&ab_channel=%EB%B3%B4%EB%93%9C%EA%B2%8C%EC%9E%84BOX,,https://www.coupang.com/vp/products/7024238769?itemId=17311166913&vendorItemId=84481982239&q=%ED%94%BC%EB%83%90%ED%83%80+%EB%B3%B4%EB%93%9C%EA%B2%8C%EC%9E%84&itemsCount=36&searchId=c6a11472626a49d88fe70cea0c0fc085&rank=3,피냐타.png
티키토플,과연 상대방의 티키는 무엇일까?? 내 티키들을 순위권에 올려놓고 상대방의 티키들을 제거시켜라!! 전략과 심리가 공존하는 짜릿한 순위권 경쟁,전략,20,2,2,4,2008,10,https://www.youtube.com/watch?v=R58Wg7n7fq8,,https://www.coupang.com/vp/products/238505617?itemId=756317394&vendorItemId=4910067654&q=%ED%8B%B0%ED%82%A4%ED%86%A0%ED%94%8C&itemsCount=30&searchId=67cbd3fd6920494cbd17071ef73fd0ef&rank=1&isAddedCart=,티키토플.png
펭귄파티,펭귄들의 파티가 열렸어요! 카드로 8층 짜리 피라미드를 완성하세요!,전략,30,2,2,6,2008,6,https://www.youtube.com/watch?v=3yorBQIVL0c,,https://www.coupang.com/vp/products/1465337337?itemId=2520058774&vendorItemId=70512953369&pickType=COU_PICK&q=%ED%8E%AD%EA%B7%84%ED%8C%8C%ED%8B%B0&itemsCount=36&searchId=c06c91ecbbdb4c3b94a11692df1cdd0a&rank=1,펭귄파티.png
컬러레또,알록달록 색깔 카드를 모으는 게임 컬러레또 입니다! 같은 색깔 카드를 많이 모아 가장 많은 점수를 얻으면 승리하는 게임!,전략,25,3,2,5,2003,8,https://www.youtube.com/watch?v=7jvmBsBw9-k,,https://www.coupang.com/vp/products/22437172?itemId=87107745&vendorItemId=3148459929&q=%EC%BB%AC%EB%9F%AC%EB%A0%88%EB%98%90&itemsCount=36&searchId=611582ead6c648508e07baf6d18798bd&rank=1,컬러레또.png
어콰이어,가장 큰 땅을 소유한 최대규모의 기업을 만들자!! 한 기업의 회장이되어 내 주식을 판매하고 다른기업을 인수합병하여 가장 큰 기업으로 성장시키자!!,전략,50,3,3,5,1999,12,https://www.youtube.com/watch?v=PqBmxHQ2u64,https://namu.wiki/w/%EC%96%B4%EC%BD%B0%EC%9D%B4%EC%96%B4,https://www.coupang.com/vp/products/6408505152?itemId=13733447942&vendorItemId=81480947401&q=%EC%96%B4%EC%BD%B0%EC%9D%B4%EC%96%B4&itemsCount=25&searchId=99d66df3248548aeb21e03cb8f36ba8d&rank=1,어콰이어.png
인생게임,인생 투자 게임을 실감나게 보드게임으로! 인생의 굴곡진 삶은 다시 한번 느껴보자!,전략,90,2,2,6,1960,8,https://www.youtube.com/watch?v=XG9_YrRTFfk&pp=ygUg7J247IOd6rKM7J6EIOuztOuTnOqyjOyehCDshKTrqoU%3D&ab_channel=%EC%9C%99%EB%B3%B4%EB%93%9C%EA%B2%8C%EC%9E%84WINGBoardGame,https://namu.wiki/w/%EC%9D%B8%EC%83%9D%EA%B2%8C%EC%9E%84,https://www.coupang.com/vp/products/179043717?itemId=512829559&vendorItemId=4318824393&pickType=COU_PICK&q=%EC%9D%B8%EC%83%9D%EA%B2%8C%EC%9E%84&itemsCount=36&searchId=adab9bd73e954ac39c19c3d331679d61&rank=0&isAddedCart=,인생게임.png
배틀쉽,상대방이 위치한 자리를 파악하여 공격하자! 해상에서 벌어지는 전략 시뮬레이션 상대방 배 5척을 먼저 침몰 시킨 사람의 승리!,전략,30,2,2,2,2013,7,https://www.youtube.com/watch?v=U49yJbnfNas&ab_channel=%EC%95%8C%EC%93%B8%EC%8B%A0%EC%84%A0%EB%B3%B4%EB%93%9C%EA%B2%8C%EC%9E%84TV,https://namu.wiki/w/%EB%B0%B0%ED%8B%80%EC%89%BD#s-1,https://www.coupang.com/vp/products/15212638?itemId=559750659&vendorItemId=4470607673&q=%EB%B0%B0%ED%8B%80%EC%89%BD&itemsCount=36&searchId=496762c08bd04ecc94f36fdf8bf4c6d2&rank=1,배틀쉽.png
아사라,건축타일들을 모아서 타일 개수와 높이에 따라 점수를 획득하는 보드게임!,전략,45,4,2,4,2010,9,https://www.youtube.com/watch?v=oaP1VVAXtaw&pp=ygUd7JWE7IKs6528IOuztOuTnOqyjOyehCDshKTrqoU%3D&ab_channel=%EB%9D%BC%EB%B2%A4%EC%8A%A4%EB%B6%80%EB%A5%B4%EA%B1%B0,,,아사라.png
카후나,남태평양의 12두개의 섬을 향한 치열한 전쟁 새로운 방식의 섬 따먹기 게임! 최종적으로 가장 많은 섬을 확보한 승자는?,전략,30,2,2,2,1998,10,https://www.youtube.com/watch?v=eSumNgmZztU,https://namu.wiki/w/%EC%B9%B4%ED%9B%84%EB%82%98,https://www.coupang.com/vp/products/183521071?itemId=525497154&vendorItemId=4363527099&q=%EC%B9%B4%ED%9B%84%EB%82%98&itemsCount=36&searchId=9136311073ee43269cc49556b6c3ae76&rank=1,카후나.png
노터치 크라켄,포커페이스의 달인들은 모여라 누가 과연 내편일까 탐험가와 스켈레톤의 한판대결 탐험가들은 크라켄을 깨우지 않고 무사히 보물을 찾을 수 있을까?,심리,20,2,4,6,2017,10,https://www.youtube.com/watch?v=QfEtvTp7A54&pp=ygUn64W47YSw7LmYIO2BrOudvOy8hCDrs7Trk5zqsozsnoQg7ISk66qF&ab_channel=DiceTown,,https://www.coupang.com/vp/products/1423481073?itemId=2462541403&vendorItemId=5513121670&q=%EB%85%B8%ED%84%B0%EC%B9%98%ED%81%AC%EB%9D%BC%EC%BC%84&itemsCount=20&searchId=39ba7fb6e3e845639f442c98ab6777f3&rank=1&isAddedCart=,노터치 크라켄.png
블러프,내 컵안에는 3이 많을까 5가 많을까? 과감한 베팅으로 남들을 속이고 상대방의 가려진 주사위를 맞춰보자,심리,20,3,4,5,1987,10,https://www.youtube.com/watch?v=t_EoZNb_pxU&pp=ygUd67iU65-s7ZSEIOuztOuTnOqyjOyehCDshKTrqoU%3D&ab_channel=%EB%B3%B4%EB%93%9C%EB%9D%BC%EC%9D%B4%EB%B8%8CBoardLiveGame,https://namu.wiki/w/%EB%B8%94%EB%9F%AC%ED%94%84,https://boardm.co.kr/front/product/product_detail.php?seq=12618&pinid=,블러프.png
블로커스,규칙은 단 하나! 자기 블록의 꼭지점끼리만 맞닿게 하라! 블록으로 상대를 차단하고 자신만의 공간을 만드세요,심리,20,3,2,4,2000,7,https://www.youtube.com/watch?v=y4BKgfmzf5I,https://namu.wiki/w/%EB%B8%94%EB%A1%9C%EC%BB%A4%EC%8A%A4,https://www.coupang.com/vp/products/2129317?itemId=9650315&vendorItemId=3013990942&pickType=COU_PICK&q=%EB%B8%94%EB%A1%9C%EC%BB%A4%EC%8A%A4&itemsCount=36&searchId=f0fec0693b4c4ceaa2f1b902caf4f74f&rank=0,블로커스.png
스파이폴,누군가는 거짓말을 하고있다!!우리 중 누가 스파이일까? 포커페이스와 경험을 통해 스파이를 찾아내자!! 스무고개 형식의 특별한 마피아 게임!!,심리,10,2,5,12,2014,13,https://www.youtube.com/watch?v=0cP4wgtuQas&ab_channel=%EC%95%8C%EC%93%B8%EC%8B%A0%EC%84%A0%EB%B3%B4%EB%93%9C%EA%B2%8C%EC%9E%84TV,,https://www.coupang.com/vp/products/4830435412?itemId=6232540246&vendorItemId=73528402257&q=%EC%8A%A4%ED%8C%8C%EC%9D%B4%ED%8F%B4&itemsCount=36&searchId=ea7f121c1fa44e2d8e21c4cd378b2327&rank=1&isAddedCart=,스파이폴.png
코요테,유쾌한 인디언들이 되어 하는 인디언 포커! 서로의 머리에 꽂힌 카드 숫자의 합을 예상해보자.,심리,15,2,3,6,2003,8,https://www.youtube.com/watch?v=LkxFVmnqg0Q,https://namu.wiki/w/%EC%BD%94%EC%9A%94%ED%85%8C(%EB%B3%B4%EB%93%9C%EA%B2%8C%EC%9E%84),https://www.coupang.com/vp/products/5574863578?itemId=8891027668&vendorItemId=76177678056&q=%EC%BD%94%EC%9A%94%ED%85%8C&itemsCount=36&searchId=17ac2daf006b40c7b360083f648c47f5&rank=1&isAddedCart=,코요테.png
쿠,나약한 이탈리아의 한 도시 국가에서 조직의 수장으로 조작과 속임수 그리고 뇌물을 통해 힘을 얻자! 거짓말에 거짓말을 무는 게임 포커페이스가 자신 있다면 Choice,심리,20,3,4,4,2012,13,https://www.youtube.com/watch?v=TPugOoh9v84,https://namu.wiki/w/%EC%BF%A0(%EB%B3%B4%EB%93%9C%EA%B2%8C%EC%9E%84),https://www.coupang.com/vp/products/6273496219?itemId=12842889001&vendorItemId=80108440989&q=%EC%BF%A0&itemsCount=36&searchId=cb8354f60a89442ab5f053294b2fc291&rank=1,쿠.png
벤처엔젤스,집사로봇이 발명된다면 내가 투자하겠소! 억만장자들의 벤처 투자 전쟁 벤처 엔젤스!,심리,20,3,3,5,2018,8,https://www.youtube.com/watch?v=jZLi_hfww7Q&pp=ygUj67Kk7LKY7JeU7KCk7IqkIOuztOuTnOqyjOyehCDshKTrqoU%3D&ab_channel=%EB%B3%B4%EB%93%9C%EA%B2%8C%EC%9E%84BOX,,https://www.coupang.com/vp/products/165351383?itemId=474233917&vendorItemId=71145151996&q=%EB%B2%A4%EC%B2%98%EC%97%94%EC%A0%A4%EC%8A%A4&itemsCount=5&searchId=dbae1002885d47d086aa2cfa5a188af2&rank=0&isAddedCart=,벤처엔젤스.png
선물입니다,친구가 주는 최고의 선물과 최악의 선물 두가지 중 신중하게 선택하는 스릴 넘치는 즐거운 공감 소통게임 입니다.,심리,30,2,2,6,2012,6,https://www.youtube.com/watch?v=M5oN8MJogSQ&pp=ygUk7ISg66y87J6F64uI64ukLiDrs7Trk5zqsozsnoQg7ISk66qF&ab_channel=%ED%95%A9HOP%EB%B3%B4%EB%93%9C%EA%B2%8C%EC%9E%84%EC%84%A4%EB%AA%85,https://namu.wiki/w/%EC%84%A0%EB%AC%BC%EC%9E%85%EB%8B%88%EB%8B%A4,https://www.coupang.com/vp/products/2091013?itemId=9449313&vendorItemId=3013658395&pickType=COU_PICK&q=%EC%84%A0%EB%AC%BC%EC%9E%85%EB%8B%88%EB%8B%A4&itemsCount=36&searchId=4d5c831c09a1449089ff23f74f4e212e&rank=1&isAddedCart=,선물입니다.png
가짜 예술가 뉴욕에 가다,손쉽게 돈과 명성을 얻고 싶은 사기꾼이 뉴욕에서 예술가 행세를 하기로 마음 먹었습니다. 예술가에게 필요한 것은 예술이 아닌 화술이거든요!,심리,20,2,5,10,2011,8,https://www.youtube.com/watch?v=bNruTyG3788&ab_channel=%EC%95%8C%EC%93%B8%EC%8B%A0%EC%84%A0%EB%B3%B4%EB%93%9C%EA%B2%8C%EC%9E%84TV,,https://www.coupang.com/vp/products/7136582827?itemId=17908311920&vendorItemId=85071021625&q=%EA%B0%80%EC%A7%9C+%EC%98%88%EC%88%A0%EA%B0%80+%EB%89%B4%EC%9A%95%EC%97%90%EA%B0%80%EB%8B%A4&itemsCount=36&searchId=5f259d6b69af445181ca5aad67f802eb&rank=1&isAddedCart=,가짜 예술가 뉴욕에 가다.png
한밤의 늑대인간,각각의 특별한 능력을 가진 많은 역할들! 단 하루의 아침동안에 당신의 마을은 누가 늑대인간인지 경정하게 됩니다! 이기기 위해서는 늑대 한마리만 죽이면 되니까요!,심리,15,3,3,10,2014,8,https://www.youtube.com/watch?v=KpTbyI6KOVc&pp=ygUq7ZWc67Ck7J2YIOuKkeuMgOyduOqwhCDrs7Trk5zqsozsnoQg7ISk66qF&ab_channel=%EC%9C%99%EB%B3%B4%EB%93%9C%EA%B2%8C%EC%9E%84WINGBoardGame,https://namu.wiki/w/%ED%95%9C%EB%B0%A4%EC%9D%98%20%EB%8A%91%EB%8C%80%EC%9D%B8%EA%B0%84,https://www.coupang.com/vp/products/53390359?itemId=187453176&vendorItemId=3446118010&q=%ED%95%9C%EB%B0%A4%EC%9D%98+%EB%8A%91%EB%8C%80%EC%9D%B8%EA%B0%84&itemsCount=36&searchId=5fc5c8535deb4e6babb547a4407c53c2&rank=1&isAddedCart=,한밤의 늑대인간.png
너도?나도!,많은 인원들도 가볍게 즐길 수 있는 파티게임의 최고봉!! 모든이들의 공감을 살 공감왕은 과연 누구????!!!,심리,15,2,3,12,2014,10,https://www.youtube.com/watch?v=irkbHkxAG5M,,https://www.coupang.com/vp/products/1771117487?itemId=3015707999&vendorItemId=84670777253&q=%EB%84%88%EB%8F%84%EB%82%98%EB%8F%84+%EB%B3%B4%EB%93%9C%EA%B2%8C%EC%9E%84&itemsCount=36&searchId=e4e01bd457a047469d37621619649047&rank=1&isAddedCart=,너도나도.png
챠오챠오,본인 말 3개가 가장 먼저 다리를 건너는 사람이 승리! 믿거나 말거나 심리전과 거짓말을 통해서 승리를 이끌자!,심리,15,2,2,5,1997,10,https://www.youtube.com/watch?v=Q5kmTgv6jrs,,https://www.coupang.com/vp/products/29430890?itemId=112455325&vendorItemId=3221630373&q=%EC%B1%A0%EC%98%A4%EC%B1%A0%EC%98%A4&itemsCount=36&searchId=1f7f0dafa1c14e4293f80c2fc1890feb&rank=1&isAddedCart=,챠오챠오.png
바퀴벌레 포커,상대방의 말이 진실인지 거짓인지 판단해라! 저건... 과연 어떤 곤충카드 일까? 심리추리게임!,심리,15,2,3,6,2004,8,https://www.youtube.com/watch?v=NIF49NQJEYc,https://namu.wiki/w/%EB%B0%94%ED%80%B4%EB%B2%8C%EB%A0%88%20%ED%8F%AC%EC%BB%A4,https://www.coupang.com/vp/products/5434370257?itemId=8246145104&vendorItemId=75534158567&pickType=COU_PICK&q=%EB%B0%94%ED%80%B4%EB%B2%8C%EB%A0%88%ED%8F%AC%EC%BB%A4&itemsCount=36&searchId=b97944631fda4d7a9deb41a3cb4ab77a&rank=1,바퀴벌레 포커.png
딕싯,내 마음을 맞혀봐! 예쁜 일러스트 그림의 카드들로 노래가사 명대사 사자성어 등을 이용하여 이야기꾼이 되어보자!! 상대방의 추상적인 생각을 읽어내서 점수를 얻는 게임,심리,40,2,4,6,2008,8,https://www.youtube.com/watch?v=V1rzZYw3V5M,https://namu.wiki/w/%EB%94%95%EC%8B%AF,https://www.coupang.com/vp/products/5838348176?itemId=10124618177&vendorItemId=77407376437&pickType=COU_PICK&q=%EB%94%95%EC%8B%AF&itemsCount=36&searchId=9d189e4ead814af5ba2f8b7349a479ac&rank=0&isAddedCart=,딕싯.png
고스트(가이스터),빨간 말일까? 파란 말일까? 불꽃튀는 심리전!! 표정관리로 서로의 말이 무엇인지 파악하자!!,심리,10,2,2,2,1980,8,https://www.youtube.com/watch?v=wUIr_3lwUHA,https://namu.wiki/w/%EA%B0%80%EC%9D%B4%EC%8A%A4%ED%84%B0(%EB%B3%B4%EB%93%9C%20%EA%B2%8C%EC%9E%84),https://www.coupang.com/vp/products/2171948009?itemId=3694655811&vendorItemId=71679961388&q=%EA%B3%A0%EC%8A%A4%ED%8A%B8&itemsCount=36&searchId=e2c4be6cec774980a8ee698baa44f6bc&rank=1,고스트.png
레지스탕스:아발론,각자의 정체를 숨긴채 임무를 수행하는 게임!! 누군가는 왕의 충성스러운 신하가 되어 명예를 위해 싸우고 다른 누군가는 모드레드의 수하가 되어 악을 행합니다! 하지만 누가 누군지 알 수 없다!! 상대의 정체를 추론하여 임무를 성공적으로 완수 하는 게임!!,심리,40,4,5,10,2012,13,https://www.youtube.com/watch?v=C2feZBsDHlY&pp=ygUZ66CI7KeA7Iqk7YOV7IqkIOyVhOuwnOuhoA%3D%3D,https://namu.wiki/w/%EB%A0%88%EC%A7%80%EC%8A%A4%ED%83%95%EC%8A%A4%20%EC%95%84%EB%B0%9C%EB%A1%A0,https://www.coupang.com/vp/products/22008071?itemId=85740441&vendorItemId=3145810763&pickType=COU_PICK&q=%EB%A0%88%EC%A7%80%EC%8A%A4%ED%83%95%EC%8A%A4%3A%EC%95%84%EB%B0%9C%EB%A1%A0&itemsCount=10&searchId=5ae905b0df694851adaa75ed88bf6bfc&rank=1,레지스탕스아발론.png
스컬,아무리 심장이 뛰어 낯색을 바꾸지 않고 허세를 부릴 수 있어야 합니다. 라고 마음속에 다짐하는 블러핑 게임!,심리,30,3,2,6,2011,10,https://www.youtube.com/watch?v=q5olPyz3d48,,https://www.coupang.com/vp/products/6172322649?itemId=12056833694&vendorItemId=79328973612&q=%EC%8A%A4%EC%BB%AC&itemsCount=36&searchId=c01cc2b6aa5c4fcebca2ccd8cad3ee64&rank=1,스컬.png
다빈치 코드,서로의 숫자 코드를 추리해 맞춰 보자! 코드게임의 진정한 승리자는? 보드게임을 많이 접해보지 못하신 분을 위한 추천!,추리,15,2,2,4,2002,8,https://www.youtube.com/watch?v=ElNpDx2oKpQ&pp=ygUj64uk67mI7LmY7L2U65OcIOuztOuTnOqyjOyehCDshKTrqoU%3D&ab_channel=%EC%BD%94%EB%A6%AC%EC%95%84%EB%B3%B4%EB%93%9C%EA%B2%8C%EC%9E%84%EC%A6%88,https://namu.wiki/w/%EB%8B%A4%EB%B9%88%EC%B9%98%20%EC%BD%94%EB%93%9C(%EB%B3%B4%EB%93%9C%20%EA%B2%8C%EC%9E%84),https://www.coupang.com/vp/products/1077166?itemId=4631106&vendorItemId=3000165024&pickType=COU_PICK&q=%EB%8B%A4%EB%B9%88%EC%B9%98%EC%BD%94%EB%93%9C&itemsCount=36&searchId=c212be1a5ca24c3b856334690debf548&rank=0&isAddedCart=,다빈치 코드.png
클루,살인사건의 진짜 범인은? 추리게임의 TOP 인기게임! 누가? 어디서? 어떻게? 무엇으로 살해했을까? 진정한 명탐정을 찾아라!,추리,40,2,2,6,2012,8,https://www.youtube.com/watch?v=eHQcGwfdd8c,https://namu.wiki/w/Clue#s-2,https://www.coupang.com/vp/products/68670894?itemId=229249218&vendorItemId=3559972727&pickType=COU_PICK&q=%ED%81%B4%EB%A3%A8&itemsCount=36&searchId=229cb25680904839865dba7fa3d6a515&rank=0&isAddedCart=,클루.png
코드777,진정한 추리 게임의 대가! 남들보다 뛰어난 두뇌 자신 있다면 도전! 상대방의 숫자를 통해서 나의 코드를 맞추자,추리,30,3,2,4,1985,10,https://www.youtube.com/watch?v=dBE24PuNe-s&pp=ygUd7L2U65OcNzc3IOuztOuTnOqyjOyehCDshKTrqoU%3D&ab_channel=%EB%B3%B4%EB%93%9C%EA%B2%8C%EC%9E%84BOX,,https://www.coupang.com/vp/products/7366732814?itemId=18992591162&vendorItemId=86117769333&q=%EC%BD%94%EB%93%9C777&itemsCount=36&searchId=0f982d7221ea4f3cbb0c52bc88ae63f1&rank=2&isAddedCart=,코드777.png
도망자,형사와 도망자의 짜릿한 추격전!! 도망자는 과연 몇 번 은신처로 숨었을까?? 긴장감 있는 1대1 추리게임!!,추리,15,3,2,2,2017,10,https://www.youtube.com/watch?v=GFjeKJDO8wQ&pp=ygUc64-E66ed7J6Q67O065Oc6rKM7J6EIOyEpOuqhQ%3D%3D&ab_channel=%EB%B3%B4%EB%93%9C%EB%9D%BC%EC%9D%B4%EB%B8%8CBoardLiveGame,,https://www.coupang.com/vp/products/4859501402?itemId=6299058807&vendorItemId=73594562226&q=%EB%8F%84%EB%A7%9D%EC%9E%90&itemsCount=36&searchId=179715e382e546629e3e8dca325da4ac&rank=1&isAddedCart=,도망자.png
텔레스트레이션,내가 그린 기린 그림! 캐치마인드가 생각나는 게임! 단어를 보고 그림을 그려서 서로의 그림을 맞추자! 친구들과 함께 가볍게 즐기고 싶다면~ Choice,추리,20,2,4,6,2009,12,https://www.youtube.com/watch?v=X6PZREF3rhs,https://namu.wiki/w/%ED%85%94%EB%A0%88%EC%8A%A4%ED%8A%B8%EB%A0%88%EC%9D%B4%EC%85%98,https://www.coupang.com/vp/products/7828100?itemId=34246447&vendorItemId=3050706271&pickType=COU_PICK&q=%ED%85%94%EB%A0%88%EC%8A%A4%ED%8A%B8%EB%A0%88%EC%9D%B4%EC%85%98&itemsCount=36&searchId=80d8c3f18fbf446c8ae46475fbd14e76&rank=1&isAddedCart=,텔레스트레이션.png
스코틀랜드 야드,미스터x와 탐정들의 쫓고 쫓기는 추격전! 미스터 x는 무엇을 타고 어디로 이동했을까? 보이지 않는 미스터x를 잡아라!,추리,60,4,4,5,1983,10,https://www.youtube.com/watch?v=d_EtiU9g7kk,https://namu.wiki/w/%EC%8A%A4%EC%BD%94%ED%8B%80%EB%9E%9C%EB%93%9C%20%EC%95%BC%EB%93%9C#s-2,https://www.coupang.com/vp/products/6612398427?itemId=14999836494&vendorItemId=82222714976&q=%EC%8A%A4%EC%BD%94%ED%8B%80%EB%9E%9C%EB%93%9C%EC%95%BC%EB%93%9C&itemsCount=36&searchId=f8730055dcf348838aad30b905ebe3ea&rank=1&isAddedCart=,스코틀랜드 야드.png
디셉션:홍콩살인사건,범죄 심리학자가 되어 상상력으로 사건을 재구성 해보자!! 살인자는 과연 어떤 도구와 단서를 남겼을까?? 12인까지 즐길 수 있는 살인과 범죄 재구성 게임!!,추리,50,3,5,12,2014,14,https://www.youtube.com/watch?v=PXgd2h2cabg&pp=ygUd65SU7IWJ7IWYIOuztOuTnOqyjOyehCDshKTrqoU%3D&ab_channel=%EB%B3%B4%EB%93%9C%EB%9D%BC%EC%9D%B4%EB%B8%8CBoardLiveGame,https://namu.wiki/w/%EB%94%94%EC%85%89%EC%85%98#s-4,http://item.gmarket.co.kr/DetailView/Item.asp?goodscode=2998256654&GoodsSale=Y&jaehuid=200002657,디셉션.png
코드네임,힌트를 주는 팀장과 코드를 맞추는 팀원으로 구성되며 상대팀보다 빨리 모든 코드를 맞추는 팀이 승리하는 게임!!,추리,15,3,2,8,2015,14,https://www.youtube.com/watch?v=_1CjvXEwx5E&ab_channel=%EC%95%8C%EC%93%B8%EC%8B%A0%EC%84%A0%EB%B3%B4%EB%93%9C%EA%B2%8C%EC%9E%84TV,https://namu.wiki/w/%EC%BD%94%EB%93%9C%EB%84%A4%EC%9E%84(%EB%B3%B4%EB%93%9C%20%EA%B2%8C%EC%9E%84),https://www.coupang.com/vp/products/6883484092?itemId=16502530704&vendorItemId=83690075497&q=%EC%BD%94%EB%93%9C%EB%84%A4%EC%9E%84%3A%ED%94%BD%EC%B3%90%EC%8A%A4&itemsCount=36&searchId=d9e26fd3be114a3bae4de344d0c6e2ff&rank=1&isAddedCart=,코드네임.png
코드네임:픽쳐스,힌트를 주는 팀장과 코드를 맞추는 팀원으로 구성되며 상대팀보다 빨리 모든 코드를 맞추는 팀이 승리하는 게임!!,추리,15,3,2,8,2016,10,https://www.youtube.com/watch?v=7lQZofh7PaA&pp=ygUq7L2U65Oc64Sk7J6EOu2UveyymOyKpCDrs7Trk5zqsozsnoQg7ISk66qF&ab_channel=SYK,https://namu.wiki/w/%EC%BD%94%EB%93%9C%EB%84%A4%EC%9E%84(%EB%B3%B4%EB%93%9C%20%EA%B2%8C%EC%9E%84),https://boardm.co.kr/front/product/product_detail.php?seq=18086&pinid=24176,코드네임픽쳐스.png
콘셉트,그림으로 말하는 스무고개! 여러 가지의 그림과 조각들로 푸는 퀴즈 게임 표현력에 한계를 경험해보자!,추리,40,3,5,12,2013,10,https://www.youtube.com/watch?v=NwV18AaMTws,,https://www.coupang.com/vp/products/1298846?itemId=5636377&vendorItemId=3007143235&q=%EC%BD%98%EC%85%89%ED%8A%B8+%EB%B3%B4%EB%93%9C%EA%B2%8C%EC%9E%84&itemsCount=36&searchId=79eb54b7df874ed5bff40f67d63ae23d&rank=1&isAddedCart=,콘셉트.png
아브라카왓,자신 앞에 어떤 주문의 돌이 있는지 맞춰보자! 주문을 맞춰 상대방의 생명력을 모두 소진시키면 이기는 추리게임!,추리,20,2,2,5,2014,7,https://www.youtube.com/watch?v=IzmButQXbaE&pp=ygUj7JWE67iM65287Lm07JmTIOuztOuTnOqyjOyehCDshKTrqoU%3D&ab_channel=%EC%BD%94%EB%A6%AC%EC%95%84%EB%B3%B4%EB%93%9C%EA%B2%8C%EC%9E%84%EC%A6%88,https://namu.wiki/w/%EC%95%84%EB%B8%8C%EB%9D%BC%EC%B9%B4%EC%99%93?from=%EC%95%84%EB%B8%8C%EB%9D%BC%EC%B9%B4...%EC%99%93%3F,https://www.coupang.com/vp/products/4921211?itemId=22460277&vendorItemId=3032835989&q=%EC%95%84%EB%B8%8C%EB%9D%BC%EC%B9%B4%EC%99%93&itemsCount=36&searchId=ab3e3dfea14b4138bba9feb726f503a6&rank=1&isAddedCart=,아브라카왓.png
미스터 잭,미스터 잭을 찾아라!! 미스터 잭과 수사관의 쫓기고있는 추리게임 일반 추리게임과 다른 특별한 능력들이 있는 사람들의 추격전! 잭은 밝은곳에 있을까??,추리,30,3,2,2,2006,6,https://www.youtube.com/watch?v=YMOXu1V1SJ0&pp=ygUg66-47Iqk7YSw7J6tIOuztOuTnOqyjOyehCDshKTrqoU%3D&ab_channel=%EC%9C%99%EB%B3%B4%EB%93%9C%EA%B2%8C%EC%9E%84WINGBoardGame,https://namu.wiki/w/%EB%AF%B8%EC%8A%A4%ED%84%B0%20%EC%9E%AD,https://www.coupang.com/vp/products/7337660133?itemId=18852116203&vendorItemId=85981387877&q=%EB%AF%B8%EC%8A%A4%ED%84%B0%EC%9E%AD&itemsCount=36&searchId=cfa3388f325446bd956cebec19f6e8f9&rank=1&isAddedCart=,미스터 잭.png
어나니머스,인간과 인공지는 해커 두개의 팀이 서로의 코드를 해킹하여 상대 팀의 정체를 먼저 밝혀 내는게임!,추리,20,3,2,5,2018,7,https://www.youtube.com/watch?v=HKUZ80DfH3g&pp=ygUj7Ja064KY64uI66i47IqkIOuztOuTnOqyjOyehCDshKTrqoU%3D&ab_channel=%EB%B3%B4%EB%93%9C%EB%9D%BC%EC%9D%B4%EB%B8%8CBoardLiveGame,,https://shopping.interpark.com/product/productInfo.do?prdNo=953164636&optNo=7289461685&dispNo=016001&bizCd=P01415&utm_medium=affiliate&utm_source=danawa&utm_campaign=shop_20211015_danawa_p01415_cps&utm_content=conversion_47,어나니머스.png
두부왕국,두부 왕국의 두부여왕은 찹쌀떡 왕자에게 이상한 청혼 방식을 명령합니다. 사람들을 장막 뒤에 모아놓고 질문을 하여 청혼할 상대를 단 한 번만 지목해야 한다고 하는데 ! 과연 두부 공주를 찾을 수 있을까요??,추리,15,2,2,6,2015,10,https://www.youtube.com/watch?v=02iV4lKfPOo,,https://www.yes24.com/Product/Search?domain=ALL&query=%EB%B3%B4%EB%93%9C%EA%B2%8C%EC%9E%84%20%EB%91%90%EB%B6%80%EC%99%95%EA%B5%AD,두부왕국.png
셜록13,13명의 용의자 과연 진범은 누구일까? 다른 플레이어의 단서를 알아내 진범을 잡아보자!! 초보자도 쉽게 할 수 있는 추리게임!!,추리,20,2,2,4,2015,6,https://www.youtube.com/watch?v=Kby3Ue_QTuQ&pp=ygUI7IWc66GdMTM%3D&ab_channel=DEVALL%EB%B3%B4%EB%93%9C%EA%B2%8C%EC%9E%84,,https://www.coupang.com/vp/products/1066694041?itemId=2013620383&vendorItemId=84895886258&q=%EC%85%9C%EB%A1%9D13&itemsCount=36&searchId=fb3120124a7b45e09a991957ec6840b2&rank=1&isAddedCart=,셜록13.png
디크립토,커플 문제풀의 팀전의 정석!! 우리만의 텔레파시로 상대방을 못맞추게 만들어라!! 과연 최고의 커플은 누가될것인가?? (주의 : 팀이 못맞추면 화날수도있음),추리,60,3,4,6,2018,12,https://www.youtube.com/watch?v=YVi-E8NuTs0&ab_channel=%EC%95%8C%EC%93%B8%EC%8B%A0%EC%84%A0%EB%B3%B4%EB%93%9C%EA%B2%8C%EC%9E%84TV,,https://www.coupang.com/vp/products/1981664318?itemId=3371470552&vendorItemId=71358181291&q=%EB%94%94%ED%81%AC%EB%A6%BD%ED%86%A0&itemsCount=36&searchId=60cfbe362f1443ae94d4e36782a5367a&rank=1&isAddedCart=,디크립토.png
우봉고,주어진 시간 안에 퍼즐을 풀고 우봉고를 외쳐 보석을 획득하자! 빠른 진행을 원하시는 분들 추천!,순발력,30,2,2,4,2003,8,https://www.youtube.com/watch?v=qEHeMiAXt9M&ab_channel=%EC%95%8C%EC%93%B8%EC%8B%A0%EC%84%A0%EB%B3%B4%EB%93%9C%EA%B2%8C%EC%9E%84TV,,https://www.coupang.com/vp/products/1745429?itemId=7616556&vendorItemId=84320929973&pickType=COU_PICK&q=%EC%9A%B0%EB%B4%89%EA%B3%A0&itemsCount=36&searchId=f4cbde17420e4194867c43ff0dbbfe62&rank=0&isAddedCart=,우봉고.png
숲속의 음악대,토끼 악단의 연주자들이 한 곳에 모였다. 카드에 정해진 행동을 재빠르게 하자!,순발력,15,2,4,6,1994,6,https://www.youtube.com/watch?v=k6Btf-Sz7A0&ab_channel=%EC%BD%94%EB%A6%AC%EC%95%84%EB%B3%B4%EB%93%9C%EA%B2%8C%EC%9E%84%EC%A6%88,,https://www.coupang.com/vp/products/148039704?itemId=428101146&vendorItemId=4055472316&pickType=COU_PICK&q=%EC%88%B2%EC%86%8D%EC%9D%98+%EC%9D%8C%EC%95%85%EB%8C%80&itemsCount=36&searchId=c473b3a949014a3f84dc82f60089c80f&rank=1&isAddedCart=,숲속의 음악대.png
우노,원카드와 비슷한 게임 규칙!! 앞 사람이 낸 카드에 맞춰 같은 색깔이나 숫자 카드를 내면서 손에 있는 카드를 모두 없애면 이기는 게임,순발력,15,2,2,5,1971,6,https://www.youtube.com/watch?v=i68vSm0cUck,https://namu.wiki/w/%EC%9A%B0%EB%85%B8(%EB%B3%B4%EB%93%9C%20%EA%B2%8C%EC%9E%84),https://www.coupang.com/vp/products/14584648?itemId=68857771&vendorItemId=3000153208&pickType=COU_PICK&q=%EC%9A%B0%EB%85%B8&itemsCount=36&searchId=00cba1cfb07e4f8e8a925ccbb004a5dc&rank=0&isAddedCart=,우노.png
핸즈업,빠르게 진행되는 카드게임! 그림대로 손 모양을 만들어 가장 적은 카드 모양을 만드는 사람의 승리! 친구들과 스피드 게임한판 즐겨보자!,순발력,15,2,4,8,2015,8,https://www.youtube.com/watch?v=VTRDIEGHxGQ,,https://www.coupang.com/vp/products/7053539458?itemId=17470184446&vendorItemId=84637861464&q=%ED%95%B8%EC%A6%88%EC%97%85&itemsCount=36&searchId=9472a22b3641438c8e608203eb27af13&rank=1&isAddedCart=,핸즈업.png
상어 아일랜드,상어를 피할지.. 보물을 가져갈지.. 생각할 시간이 길지 않아요! 뒤에 상어가 쫓아와요!,순발력,15,1,2,4,2014,6,https://www.youtube.com/watch?v=x5EXsfYFzDI,https://ko.wikipedia.org/wiki/%EC%83%81%EC%96%B4_%EC%95%84%EC%9D%BC%EB%9E%9C%EB%93%9C,https://www.coupang.com/vp/products/53032185?itemId=186616032&vendorItemId=3444295262&pickType=COU_PICK&q=%EC%83%81%EC%96%B4%EC%95%84%EC%9D%BC%EB%9E%9C%EB%93%9C&itemsCount=36&searchId=5f35b4f8dfa844cc86a28a9b63427ba8&rank=0,상어 아일랜드.png
5초 준다,카드를 펼치고 주제에 맞는 단어 3가지를 빠르게 대답하세요. 시간은 단 5초! 정확하게 5초에 맞춰진 특별한 구슬 타이머가 여러분을 재촉 할 것입니다.,순발력,15,2,2,8,2019,8,https://www.youtube.com/watch?v=plNEQjVISFE,,https://www.coupang.com/vp/products/1056997210?itemId=2000001590&vendorItemId=70000012245&pickType=COU_PICK&q=5%EC%B4%88%EC%A4%80%EB%8B%A4&itemsCount=36&searchId=7ea3c8d3c5cd4f96ada99de8205757d8&rank=0,5초 준다.png
방주에 탈 동물들,방주에 탈 동물들은 동물 무리를 나누고 나눈 동물 무리를 방주에 10마리를 먼저 태우면 승리하는 게임!,순발력,30,2,2,4,2016,8,https://www.youtube.com/watch?v=UU7yC2s2-BE,,https://www.coupang.com/vp/products/15261926?itemId=62803337&vendorItemId=3098449410&q=%EB%B0%A9%EC%A3%BC%EC%97%90+%ED%83%88+%EB%8F%99%EB%AC%BC%EB%93%A4&itemsCount=30&searchId=98795b6bd676438cb5c069763a5acbb7&rank=1&isAddedCart=,방주에 탈 동물들.png
타코 캣 고트 치즈 피자,외친 단어와 같은 그림이 나오면 테이블 가운데에 재빨리 손을 올리면 된답니다! 너무 쉬운거 아니냐고요? 글쎄요 막상 해보면 따라가기 쉽지 않을걸요!,순발력,15,2,2,8,2018,8,https://www.youtube.com/watch?v=6jDee95fqhY&ab_channel=%EC%95%8C%EC%93%B8%EC%8B%A0%EC%84%A0%EB%B3%B4%EB%93%9C%EA%B2%8C%EC%9E%84TV,,https://www.coupang.com/vp/products/5398414742?itemId=8070088512&vendorItemId=80893569028&pickType=COU_PICK&q=%ED%83%80%EC%BD%94+%EC%BC%93+%EA%B3%A0%ED%8A%B8+%EC%B9%98%EC%A6%88+%ED%94%BC%EC%9E%90&itemsCount=36&searchId=1bf363a60b4a427eab7e579d197e9cff&rank=1&isAddedCart=,타코 캣 고트 치즈 피자.png
스머프 사다리게임,심술쟁이 가가멜이 즐겁게 소풍을 나온 스머프들을 습격했습니다. 가가멜과 아즈라엘의 추격을 ㅇ리조리 잘 피해 안전한 스머프 마을로 돌와와야 합니다.,순발력,20,2,2,5,2011,6,https://www.youtube.com/watch?v=NvXIMXSWarE&ab_channel=%EC%BD%94%EB%A6%AC%EC%95%84%EB%B3%B4%EB%93%9C%EA%B2%8C%EC%9E%84%EC%A6%88,https://namu.wiki/w/%EA%B0%9C%EA%B5%AC%EC%9F%81%EC%9D%B4%20%EC%82%AC%EB%8B%A4%EB%A6%AC%20%EC%8A%A4%EB%A8%B8%ED%94%84%EA%B2%8C%EC%9E%84,https://www.coupang.com/vp/products/61037475?itemId=209275295&vendorItemId=3000165084&pickType=COU_PICK&q=%EC%8A%A4%EB%A8%B8%ED%94%84%EC%82%AC%EB%8B%A4%EB%A6%AC%EA%B2%8C%EC%9E%84&itemsCount=36&searchId=dd2ae9149599404883b2b380c4cae1be&rank=1&isAddedCart=,스머프 사다리게임.png
블리츠,상대방 카드와 관련된 단어를 먼저 외쳐라!! 연상되는 단어를 빠르게 외쳐 많은 카드를 확보하는 사람이 승리!!,순발력,20,2,4,6,2010,10,https://www.youtube.com/watch?v=pAV43PHOCr8,https://ko.wikipedia.org/wiki/%EB%B8%94%EB%A6%AC%EC%B8%A0_(%EB%B3%B4%EB%93%9C_%EA%B2%8C%EC%9E%84),https://www.coupang.com/vp/products/82527?itemId=169374&vendorItemId=71060958214&q=%EB%B8%94%EB%A6%AC%EC%B8%A0&itemsCount=36&searchId=958599c5eb5f4d09bb9357c1331e59de&rank=0,블리츠.png
도블,카드에서 같은 그림을 찾고 가장 많은 카드를 얻는 사람이 승리하는 간단한 게임! 신기하게도 어떤 카드를 뽑든 겹치는 그림은 단 1개!! 목소리가 커질 수 밖에 없는 즐거운 게임!,순발력,15,1,2,8,2009,7,https://www.youtube.com/watch?v=QhFropuHIDo,,https://www.coupang.com/vp/products/6855963908?itemId=16350244350&vendorItemId=82914582797&q=%EB%8F%84%EB%B8%94&itemsCount=36&searchId=c7d0226d7dc84b5bb36563cbaacfba3b&rank=0&isAddedCart=,도블.png
돌진소녀,소녀의 등교를 방해하는 장애물들을 피하며 소녀가 지각하지 않게 도와주세요!,순발력,15,1,3,5,2017,8,https://www.youtube.com/watch?v=WhgYJ4kVRhc&pp=ygUM64-M7KeE7IaM64WA&ab_channel=%ED%8B%B0%EB%A0%88%EC%9D%B8%EC%A0%80,,https://boardm.co.kr/front/product/product_detail.php?seq=13481&pinid=,돌진소녀.png
루핑루이,비행사 루이와의 숨막히는 순발력 대결! 내 닭들을 지켜라!,순발력,10,1,2,4,1992,4,https://www.youtube.com/watch?v=rfH9_OFO3Ec,,https://www.coupang.com/vp/products/136138?itemId=245528&vendorItemId=3000178688&pickType=COU_PICK&q=%EB%A3%A8%ED%95%91%EB%A3%A8%EC%9D%B4&itemsCount=36&searchId=92ed9e213b824317bd26c83aac937672&rank=0,루핑루이.png
꼬치의 달인,손'만 쓰면 되는 게임 꼬치를 가장 먼저 완성하세요!,순발력,15,2,2,4,2019,6,https://www.youtube.com/watch?v=ln7jsFT5Xyk&pp=ygUQ6rys7LmY7J2YIOuLrOyduA%3D%3D&ab_channel=%EC%A0%95%EC%9D%B4%EC%9D%98%EB%B3%B4%EB%93%9C%EA%B2%8C%EC%9E%84TV,,https://www.coupang.com/vp/products/1473095883?itemId=2531997883&vendorItemId=70524757711&pickType=COU_PICK&q=%EA%BC%AC%EC%B9%98%EC%9D%98%EB%8B%AC%EC%9D%B8&itemsCount=36&searchId=e87926157fce462fa65ab0e9005b409f&rank=1&isAddedCart=,꼬치의 달인.png
유령대소동,유령이 찾는 물건은 어떤 물건일까요? 익살 맞은 유령이 색깔을 다르게 찍는 사진기로 사진을 찍었어요. 물건들 다섯 개 중 유령이 찍은 물건은 어떤 물건일까요?,순발력,20,2,2,8,2010,8,https://www.youtube.com/watch?v=ASS6PfcTzKc,,https://www.coupang.com/vp/products/1748850?itemId=7632462&vendorItemId=3010538778&q=%EC%9C%A0%EB%A0%B9%EB%8C%80%EC%86%8C%EB%8F%99&itemsCount=36&searchId=93bdbf402a114c63b3e761f8a2cc9b74&rank=1&isAddedCart=,유령대소동.png
폴짝폴짝 개구리 사탕먹기,누가 누가 많이 먹나~ 연못 안의 사탕을 개구리에게 잔뜩 먹여주세요!,순발력,10,1,2,4,1978,4,https://www.youtube.com/watch?v=_N28NESz8Ck,,https://www.coupang.com/vp/products/205051645?itemId=603482577&vendorItemId=4581732373&pickType=COU_PICK&q=%ED%8F%B4%EC%A7%9D%ED%8F%B4%EC%A7%9D%EA%B0%9C%EA%B5%AC%EB%A6%AC%EC%82%AC%ED%83%95%EB%A8%B9%EA%B8%B0&itemsCount=36&searchId=9d022f8ab3eb428494ce98457d6dddd9&rank=1,폴짝폴짝 개구리 사탕먹기.png
펭귄 얼음 깨기,내가 너와의 관계를 깰 순 없으니 이 얼음을 한번 깨보도록 하겠다. 단순하지만 쉽지 않은 게임!,순발력,15,1,2,4,2017,3,https://www.youtube.com/watch?v=Ce5RdbhnKQc,,https://www.coupang.com/vp/products/94620319?itemId=292691059&vendorItemId=3719357385&pickType=COU_PICK&q=%ED%8E%AD%EA%B7%84%EC%96%BC%EC%9D%8C%EA%B9%A8%EA%B8%B0&itemsCount=36&searchId=c3d3794b6c8347cd93015c180a330d06&rank=0,펭귄 얼음 깨기.png
슈퍼라이노,라이노의 호텔을 건축하여라!! 떨리는손을 컨트롤하고 상대방의 방해를 피하여 최고로 높은 호텔을 만들어보자!!,손기술,10,2,2,4,2011,9,https://www.youtube.com/watch?v=Yc_OsJ3Z9wA,,https://www.yes24.com/Product/Goods/25653838,슈퍼라이노.png
뒤죽박죽 서커스,화려하고 아슬아슬한 서커스 쇼의 하이라이트!! 세가지의 무대를 넘나들며 벌어지는 뒤죽박죽 탑 쌓기 쇼!,손기술,15,2,2,4,2017,6,https://www.youtube.com/watch?v=NskorRxUsaE,,https://www.coupang.com/vp/products/38212711?itemId=140866285&vendorItemId=3304015415&pickType=COU_PICK&q=%EB%92%A4%EC%A3%BD%EB%B0%95%EC%A3%BD%EC%84%9C%EC%BB%A4%EC%8A%A4&itemsCount=36&searchId=efe21dc9a1f6485baf199e9c2e89c027&rank=1&isAddedCart=,뒤죽박죽 서커스.png
스틱스택,스틱을 떨어트리지 않거나 타워를 쓰러트리지 않고 스틱을 쌓아라. 게임이 끝날때 가장 낮은 점수를 가진자가 우승!,손기술,15,1,2,10,2016,8,https://www.youtube.com/watch?v=9LcR8o9us28,,https://www.coupang.com/vp/products/17624710?itemId=70625935&vendorItemId=3114231494&q=%EC%8A%A4%ED%8B%B1%EC%8A%A4%ED%83%9D&itemsCount=36&searchId=a940ce71c69a4de19c060cead63b914c&rank=1,스틱스택.png
톡톡 우드맨,나무꾼이 되어 나무 껍질을 많이 가져오는 플레이어가 승리하는 아주 아주 간단한게임!!,손기술,10,1,2,7,2008,5,https://www.youtube.com/watch?v=uJ0obcpFO9Q,,https://www.coupang.com/vp/products/1766639?itemId=7741812&vendorItemId=3010497602&q=%ED%86%A1%ED%86%A1%EC%9A%B0%EB%93%9C%EB%A7%A8&itemsCount=36&searchId=7fe9d5c568cc4af696ea1b9f33aab5df&rank=1&isAddedCart=,톡톡 우드맨.png
플라잉 팬케이크,5가지 종류의 재료들을 진짜 요리사가 되어 손목스냅을 이용하여 팬케이크를 뒤집어야 하는 게임!,손기술,20,1,2,4,2017,6,https://www.youtube.com/watch?v=6BPznXqzpr4&pp=ygUq7ZSM65287J6JIO2MrOy8gOydtO2BrCDrs7Trk5zqsozsnoQg7ISk66qF&ab_channel=%EC%BD%94%EB%A6%AC%EC%95%84%EB%B3%B4%EB%93%9C%EA%B2%8C%EC%9E%84%EC%A6%88,,https://www.coupang.com/vp/products/7118107075?itemId=17815236092&vendorItemId=82269248382&q=%ED%94%8C%EB%9D%BC%EC%9E%89+%ED%8C%AC%EC%BC%80%EC%9D%B4%ED%81%AC&itemsCount=36&searchId=cda2c7f939db4b099a4a66ab08906c43&rank=1&isAddedCart=,플라잉 팬케이크.png
아이스 쿨,펭귄 친구들을 조종해서 종횡무진 학교 안을 누비세요! 튕기는 위치와 각도를 잘 조절하면 펭귄을 안쪽 오른쪽으로 회전시키거나 멋지게 점프시킬 수도 있어요!,손기술,30,2,2,4,2016,6,https://www.youtube.com/watch?v=iAjJQPfRnaI,,https://www.coupang.com/vp/products/189765168?itemId=542230950&vendorItemId=4418214755&q=%EC%95%84%EC%9D%B4%EC%8A%A4%EC%BF%A8+%EB%B3%B4%EB%93%9C%EA%B2%8C%EC%9E%84&itemsCount=36&searchId=eba6eea368b5481792f408585d77eb7f&rank=1&isAddedCart=,아이스 쿨.png
코코너츠,초콜렛 아니고 코코넛이에요. 먹는거 아니에요. 코코넛을 던져 컵에 넣어보자! 섬세한 힘 조절이 관건!,손기술,20,1,2,4,2013,6,https://www.youtube.com/watch?v=TE1WbHv9xOk&pp=ygUM7L2U7L2U64SI7Lig&ab_channel=%EC%95%8C%EC%93%B8%EC%8B%A0%EC%84%A0%EB%B3%B4%EB%93%9C%EA%B2%8C%EC%9E%84TV,https://namu.wiki/w/%EC%BD%94%EC%BD%94%EB%84%88%EC%B8%A0(%EB%B3%B4%EB%93%9C%20%EA%B2%8C%EC%9E%84),https://www.coupang.com/vp/products/2056979034?itemId=3496494256&vendorItemId=3000834753&pickType=COU_PICK&q=%EC%BD%94%EC%BD%94%EB%84%88%EC%B8%A0&itemsCount=36&searchId=363f1d589368446980fc06014195e59b&rank=0&isAddedCart=,코코너츠.png
스트라이크,주사위로 하는 볼링 게임!! 같은 숫자가 나오게 주사위를 굴려서 마지막까지 주사위를 갖고 있는 사람이 승리하는 게임!,손기술,20,2,2,5,2012,8,https://www.youtube.com/watch?v=k69EfIlSxJc&ab_channel=%EC%BD%94%EB%A6%AC%EC%95%84%EB%B3%B4%EB%93%9C%EA%B2%8C%EC%9E%84%EC%A6%88,,https://www.coupang.com/vp/products/7310486412?itemId=18727267298&vendorItemId=86250339837&q=%EC%8A%A4%ED%8A%B8%EB%9D%BC%EC%9D%B4%ED%81%AC&itemsCount=36&searchId=e917c16223924bc6b8a9eb5b1b5ea421&rank=1&isAddedCart=,스트라이크.png
